{
  "country": "Mexico",
  "order": [
    1,
    1,
    1
  ],
  "aic": 9362.236173679457,
  "bic": 9373.031439556453,
  "mae": 3270584.0938643506,
  "rmse": 8078436.809893838,
  "trend_pct_10y_avg": 2.6001,
  "forecast_years": [
    2021,
    2022,
    2023,
    2024,
    2025,
    2026,
    2027,
    2028,
    2029,
    2030
  ],
  "forecast_values": [
    20406269942.49,
    20737532891.45,
    21068794510.87,
    21400054800.77,
    21731313761.14,
    22062571391.99,
    22393827693.34,
    22725082665.17,
    23056336307.51,
    23387588620.35
  ],
  "conf_int_lower": [
    20390008471.74,
    20695812961.95,
    20995239326.27,
    21289348542.93,
    21578804503.0,
    21864072176.59,
    22145500416.86,
    22423363388.68,
    22697883886.42,
    22969247591.36
  ],
  "conf_int_upper": [
    20422531413.25,
    20779252820.95,
    21142349695.47,
    21510761058.6,
    21883823019.28,
    22261070607.39,
    22642154969.81,
    23026801941.66,
    23414788728.6,
    23805929649.33
  ],
  "historical_years": [
    1750,
    1751,
    1752,
    1753,
    1754,
    1755,
    1756,
    1757,
    1758,
    1759,
    1760,
    1761,
    1762,
    1763,
    1764,
    1765,
    1766,
    1767,
    1768,
    1769,
    1770,
    1771,
    1772,
    1773,
    1774,
    1775,
    1776,
    1777,
    1778,
    1779,
    1780,
    1781,
    1782,
    1783,
    1784,
    1785,
    1786,
    1787,
    1788,
    1789,
    1790,
    1791,
    1792,
    1793,
    1794,
    1795,
    1796,
    1797,
    1798,
    1799,
    1800,
    1801,
    1802,
    1803,
    1804,
    1805,
    1806,
    1807,
    1808,
    1809,
    1810,
    1811,
    1812,
    1813,
    1814,
    1815,
    1816,
    1817,
    1818,
    1819,
    1820,
    1821,
    1822,
    1823,
    1824,
    1825,
    1826,
    1827,
    1828,
    1829,
    1830,
    1831,
    1832,
    1833,
    1834,
    1835,
    1836,
    1837,
    1838,
    1839,
    1840,
    1841,
    1842,
    1843,
    1844,
    1845,
    1846,
    1847,
    1848,
    1849,
    1850,
    1851,
    1852,
    1853,
    1854,
    1855,
    1856,
    1857,
    1858,
    1859,
    1860,
    1861,
    1862,
    1863,
    1864,
    1865,
    1866,
    1867,
    1868,
    1869,
    1870,
    1871,
    1872,
    1873,
    1874,
    1875,
    1876,
    1877,
    1878,
    1879,
    1880,
    1881,
    1882,
    1883,
    1884,
    1885,
    1886,
    1887,
    1888,
    1889,
    1890,
    1891,
    1892,
    1893,
    1894,
    1895,
    1896,
    1897,
    1898,
    1899,
    1900,
    1901,
    1902,
    1903,
    1904,
    1905,
    1906,
    1907,
    1908,
    1909,
    1910,
    1911,
    1912,
    1913,
    1914,
    1915,
    1916,
    1917,
    1918,
    1919,
    1920,
    1921,
    1922,
    1923,
    1924,
    1925,
    1926,
    1927,
    1928,
    1929,
    1930,
    1931,
    1932,
    1933,
    1934,
    1935,
    1936,
    1937,
    1938,
    1939,
    1940,
    1941,
    1942,
    1943,
    1944,
    1945,
    1946,
    1947,
    1948,
    1949,
    1950,
    1951,
    1952,
    1953,
    1954,
    1955,
    1956,
    1957,
    1958,
    1959,
    1960,
    1961,
    1962,
    1963,
    1964,
    1965,
    1966,
    1967,
    1968,
    1969,
    1970,
    1971,
    1972,
    1973,
    1974,
    1975,
    1976,
    1977,
    1978,
    1979,
    1980,
    1981,
    1982,
    1983,
    1984,
    1985,
    1986,
    1987,
    1988,
    1989,
    1990,
    1991,
    1992,
    1993,
    1994,
    1995,
    1996,
    1997,
    1998,
    1999,
    2000,
    2001,
    2002,
    2003,
    2004,
    2005,
    2006,
    2007,
    2008,
    2009,
    2010,
    2011,
    2012,
    2013,
    2014,
    2015,
    2016,
    2017,
    2018,
    2019,
    2020
  ],
  "historical_values": [
    0.0,
    0.0,
    0.0,
    0.0,
    0.0,
    0.0,
    0.0,
    0.0,
    0.0,
    0.0,
    0.0,
    0.0,
    0.0,
    0.0,
    0.0,
    0.0,
    0.0,
    0.0,
    0.0,
    0.0,
    0.0,
    0.0,
    0.0,
    0.0,
    0.0,
    0.0,
    0.0,
    0.0,
    0.0,
    0.0,
    0.0,
    0.0,
    0.0,
    0.0,
    0.0,
    0.0,
    0.0,
    0.0,
    0.0,
    0.0,
    0.0,
    0.0,
    0.0,
    0.0,
    0.0,
    0.0,
    0.0,
    0.0,
    0.0,
    0.0,
    0.0,
    0.0,
    0.0,
    0.0,
    0.0,
    0.0,
    0.0,
    0.0,
    0.0,
    0.0,
    0.0,
    0.0,
    0.0,
    0.0,
    0.0,
    0.0,
    0.0,
    0.0,
    0.0,
    0.0,
    0.0,
    0.0,
    0.0,
    0.0,
    0.0,
    0.0,
    0.0,
    0.0,
    0.0,
    0.0,
    0.0,
    0.0,
    0.0,
    0.0,
    0.0,
    0.0,
    0.0,
    0.0,
    0.0,
    0.0,
    0.0,
    0.0,
    0.0,
    0.0,
    0.0,
    0.0,
    0.0,
    0.0,
    0.0,
    0.0,
    0.0,
    0.0,
    0.0,
    0.0,
    0.0,
    0.0,
    0.0,
    0.0,
    0.0,
    0.0,
    0.0,
    0.0,
    0.0,
    0.0,
    0.0,
    0.0,
    0.0,
    0.0,
    0.0,
    0.0,
    0.0,
    0.0,
    0.0,
    0.0,
    0.0,
    0.0,
    0.0,
    0.0,
    0.0,
    0.0,
    0.0,
    0.0,
    0.0,
    0.0,
    0.0,
    0.0,
    0.0,
    0.0,
    0.0,
    0.0,
    0.0,
    520288.0,
    1099200.0,
    1630480.0,
    2169088.0,
    2663728.0,
    3242640.0,
    3931472.0,
    4667936.0,
    5422720.0,
    6422992.0,
    7734704.0,
    9160000.0,
    10717200.0,
    12435616.0,
    14143040.0,
    16062976.0,
    18327328.0,
    22097584.0,
    25790896.0,
    29945872.0,
    38347424.0,
    46979808.0,
    58722928.0,
    68864880.0,
    83180128.0,
    100364288.0,
    126495936.0,
    157137968.0,
    198222400.0,
    274459248.0,
    364747536.0,
    450298272.0,
    522336176.0,
    590208112.0,
    647293232.0,
    691979376.0,
    723775568.0,
    747858178.0,
    770006137.0,
    790385305.0,
    807137113.0,
    823331993.0,
    840072809.0,
    858964393.0,
    880390455.0,
    902351312.0,
    927254123.0,
    951519279.0,
    974183119.0,
    997392598.0,
    1019938685.0,
    1038915828.0,
    1057973609.0,
    1078097495.0,
    1100712366.0,
    1126335410.0,
    1155687337.0,
    1186196760.0,
    1215155718.0,
    1245663329.0,
    1280552728.0,
    1317764924.0,
    1354471458.0,
    1390741650.0,
    1430403636.0,
    1472537752.0,
    1521815538.0,
    1575823638.0,
    1634110607.0,
    1697162894.0,
    1762402797.0,
    1826146511.0,
    1892438705.0,
    1966638831.0,
    2041806728.0,
    2122651298.0,
    2212656829.0,
    2306544060.0,
    2408720249.0,
    2522670929.0,
    2648857733.0,
    2781128992.0,
    2925187420.0,
    3079914743.0,
    3244053782.0,
    3427793357.0,
    3620187592.0,
    3842303832.0,
    4082562584.0,
    4350306416.0,
    4634013853.0,
    4937918904.0,
    5215484773.0,
    5492133371.0,
    5779503876.0,
    6072916070.0,
    6378938133.0,
    6684603694.0,
    7008084015.0,
    7325126370.0,
    7655259528.0,
    7988039666.0,
    8326106880.0,
    8677635060.0,
    9009231670.0,
    9354997782.0,
    9723642579.0,
    10111999469.0,
    10502515921.0,
    10898582285.0,
    11309280207.0,
    11721247894.0,
    12159005432.0,
    12597862129.0,
    13061855319.0,
    13538420535.0,
    14018207347.0,
    14511187017.0,
    14987090071.0,
    15450872585.0,
    15935037426.0,
    16431337006.0,
    16921466676.0,
    17402595462.0,
    17884570053.0,
    18367368105.0,
    18827217256.0,
    19282525157.0,
    19718037545.0,
    20075005664.0
  ],
  "risk_score": 80.83,
  "risk_label": "Critical",
  "level_component": 35.23,
  "trend_component": 15.6,
  "forecast_component": 30.0
}