{
  "country": "Kazakhstan",
  "order": [
    1,
    1,
    1
  ],
  "aic": 9210.177804700377,
  "bic": 9220.973070577373,
  "mae": 2641532.7339675217,
  "rmse": 6100590.880023933,
  "trend_pct_10y_avg": 2.2943,
  "forecast_years": [
    2021,
    2022,
    2023,
    2024,
    2025,
    2026,
    2027,
    2028,
    2029,
    2030
  ],
  "forecast_values": [
    14199648813.03,
    14491056102.34,
    14782462309.96,
    15073867435.87,
    15365271480.09,
    15656674442.61,
    15948076323.45,
    16239477122.61,
    16530876840.08,
    16822275475.88
  ],
  "conf_int_lower": [
    14187653293.76,
    14461890292.98,
    14732004941.6,
    14998664492.69,
    15262291214.79,
    15523182948.14,
    15781564203.68,
    16037612013.42,
    16291470596.14,
    16543260377.71
  ],
  "conf_int_upper": [
    14211644332.29,
    14520221911.7,
    14832919678.32,
    15149070379.05,
    15468251745.39,
    15790165937.09,
    16114588443.23,
    16441342231.79,
    16770283084.02,
    17101290574.05
  ],
  "historical_years": [
    1750,
    1751,
    1752,
    1753,
    1754,
    1755,
    1756,
    1757,
    1758,
    1759,
    1760,
    1761,
    1762,
    1763,
    1764,
    1765,
    1766,
    1767,
    1768,
    1769,
    1770,
    1771,
    1772,
    1773,
    1774,
    1775,
    1776,
    1777,
    1778,
    1779,
    1780,
    1781,
    1782,
    1783,
    1784,
    1785,
    1786,
    1787,
    1788,
    1789,
    1790,
    1791,
    1792,
    1793,
    1794,
    1795,
    1796,
    1797,
    1798,
    1799,
    1800,
    1801,
    1802,
    1803,
    1804,
    1805,
    1806,
    1807,
    1808,
    1809,
    1810,
    1811,
    1812,
    1813,
    1814,
    1815,
    1816,
    1817,
    1818,
    1819,
    1820,
    1821,
    1822,
    1823,
    1824,
    1825,
    1826,
    1827,
    1828,
    1829,
    1830,
    1831,
    1832,
    1833,
    1834,
    1835,
    1836,
    1837,
    1838,
    1839,
    1840,
    1841,
    1842,
    1843,
    1844,
    1845,
    1846,
    1847,
    1848,
    1849,
    1850,
    1851,
    1852,
    1853,
    1854,
    1855,
    1856,
    1857,
    1858,
    1859,
    1860,
    1861,
    1862,
    1863,
    1864,
    1865,
    1866,
    1867,
    1868,
    1869,
    1870,
    1871,
    1872,
    1873,
    1874,
    1875,
    1876,
    1877,
    1878,
    1879,
    1880,
    1881,
    1882,
    1883,
    1884,
    1885,
    1886,
    1887,
    1888,
    1889,
    1890,
    1891,
    1892,
    1893,
    1894,
    1895,
    1896,
    1897,
    1898,
    1899,
    1900,
    1901,
    1902,
    1903,
    1904,
    1905,
    1906,
    1907,
    1908,
    1909,
    1910,
    1911,
    1912,
    1913,
    1914,
    1915,
    1916,
    1917,
    1918,
    1919,
    1920,
    1921,
    1922,
    1923,
    1924,
    1925,
    1926,
    1927,
    1928,
    1929,
    1930,
    1931,
    1932,
    1933,
    1934,
    1935,
    1936,
    1937,
    1938,
    1939,
    1940,
    1941,
    1942,
    1943,
    1944,
    1945,
    1946,
    1947,
    1948,
    1949,
    1950,
    1951,
    1952,
    1953,
    1954,
    1955,
    1956,
    1957,
    1958,
    1959,
    1960,
    1961,
    1962,
    1963,
    1964,
    1965,
    1966,
    1967,
    1968,
    1969,
    1970,
    1971,
    1972,
    1973,
    1974,
    1975,
    1976,
    1977,
    1978,
    1979,
    1980,
    1981,
    1982,
    1983,
    1984,
    1985,
    1986,
    1987,
    1988,
    1989,
    1990,
    1991,
    1992,
    1993,
    1994,
    1995,
    1996,
    1997,
    1998,
    1999,
    2000,
    2001,
    2002,
    2003,
    2004,
    2005,
    2006,
    2007,
    2008,
    2009,
    2010,
    2011,
    2012,
    2013,
    2014,
    2015,
    2016,
    2017,
    2018,
    2019,
    2020
  ],
  "historical_values": [
    0.0,
    0.0,
    0.0,
    0.0,
    0.0,
    0.0,
    0.0,
    0.0,
    0.0,
    0.0,
    0.0,
    0.0,
    0.0,
    0.0,
    0.0,
    0.0,
    0.0,
    0.0,
    0.0,
    0.0,
    0.0,
    0.0,
    0.0,
    0.0,
    0.0,
    0.0,
    0.0,
    0.0,
    0.0,
    0.0,
    0.0,
    0.0,
    0.0,
    0.0,
    0.0,
    0.0,
    0.0,
    0.0,
    0.0,
    0.0,
    0.0,
    0.0,
    0.0,
    0.0,
    0.0,
    0.0,
    0.0,
    0.0,
    0.0,
    0.0,
    0.0,
    0.0,
    0.0,
    0.0,
    0.0,
    0.0,
    0.0,
    0.0,
    0.0,
    0.0,
    0.0,
    0.0,
    0.0,
    0.0,
    0.0,
    0.0,
    0.0,
    0.0,
    0.0,
    0.0,
    0.0,
    0.0,
    0.0,
    0.0,
    0.0,
    0.0,
    0.0,
    0.0,
    0.0,
    0.0,
    1213.0,
    2669.0,
    3640.0,
    4853.0,
    4853.0,
    4853.0,
    4853.0,
    4853.0,
    4853.0,
    4853.0,
    4853.0,
    4853.0,
    4853.0,
    4853.0,
    4853.0,
    4853.0,
    4853.0,
    4853.0,
    4853.0,
    4853.0,
    12376.0,
    12376.0,
    12376.0,
    12376.0,
    12376.0,
    35188.0,
    35188.0,
    35188.0,
    67223.0,
    101199.0,
    146096.0,
    203127.0,
    254576.0,
    308452.0,
    368881.0,
    426640.0,
    609140.0,
    818578.0,
    992826.0,
    1229202.0,
    1485721.0,
    1832033.0,
    2187567.0,
    2521260.0,
    2926302.0,
    3392501.0,
    3971306.0,
    4562003.0,
    5333986.0,
    6126112.0,
    7055355.0,
    8034106.0,
    9065035.0,
    10238420.0,
    11429764.0,
    12727404.0,
    14058292.0,
    15466597.0,
    16935573.0,
    18522009.0,
    20318611.0,
    22296742.0,
    24390634.0,
    26844914.0,
    29344576.0,
    32216761.0,
    35140638.0,
    38521249.0,
    42312727.0,
    46711162.0,
    51693741.0,
    56809069.0,
    61749664.0,
    66582506.0,
    71959450.0,
    76759044.0,
    82233547.0,
    88365486.0,
    94535041.0,
    101047753.0,
    107434754.0,
    114056675.0,
    121557846.0,
    129706502.0,
    137060848.0,
    143811150.0,
    151005809.0,
    157627245.0,
    160267908.0,
    162523429.0,
    164580190.0,
    166810714.0,
    169530978.0,
    172535912.0,
    176116011.0,
    179649514.0,
    184769211.0,
    191134371.0,
    198224472.0,
    205861755.0,
    216237679.0,
    228699623.0,
    242742411.0,
    258427964.0,
    277404809.0,
    298891274.0,
    323537621.0,
    348733926.0,
    375326767.0,
    402245208.0,
    434509522.0,
    462861043.0,
    478242218.0,
    494294904.0,
    517574283.0,
    542240336.0,
    569975959.0,
    603382218.0,
    638946123.0,
    679379154.0,
    724466163.0,
    773342575.0,
    825690425.0,
    881082485.0,
    941596926.0,
    1010224328.0,
    1085465095.0,
    1167812881.0,
    1255722401.0,
    1348173620.0,
    1444459210.0,
    1543761639.0,
    1647980456.0,
    1759718850.0,
    1878524816.0,
    2004556065.0,
    2137655908.0,
    2276802772.0,
    2419821343.0,
    2568732195.0,
    2725400487.0,
    2891523303.0,
    3066195310.0,
    3248121341.0,
    3436837822.0,
    3635071145.0,
    3840747115.0,
    4053225238.0,
    4272797735.0,
    4494031865.0,
    4723856225.0,
    4949003119.0,
    5178306242.0,
    5410652465.0,
    5644866243.0,
    5897531613.0,
    6155225760.0,
    6411666090.0,
    6684893540.0,
    6949100823.0,
    7230561885.0,
    7502256712.0,
    7749519557.0,
    7969112779.0,
    8154770497.0,
    8333151603.0,
    8497092314.0,
    8652663796.0,
    8802824311.0,
    8927810077.0,
    9076864154.0,
    9220449173.0,
    9381486177.0,
    9560448361.0,
    9748995300.0,
    9950794985.0,
    10171925065.0,
    10399474649.0,
    10628144743.0,
    10851254805.0,
    11100321718.0,
    11339981809.0,
    11585818298.0,
    11839547143.0,
    12118579241.0,
    12407161642.0,
    12695847439.0,
    13003756325.0,
    13321035987.0,
    13616904513.0,
    13908240442.0
  ],
  "risk_score": 78.45,
  "risk_label": "Critical",
  "level_component": 34.68,
  "trend_component": 13.77,
  "forecast_component": 30.0
}