{
  "country": "France",
  "order": [
    1,
    1,
    1
  ],
  "aic": 9614.817933237518,
  "bic": 9625.613199114514,
  "mae": 7073980.644261941,
  "rmse": 12906192.812373918,
  "trend_pct_10y_avg": 0.8857,
  "forecast_years": [
    2021,
    2022,
    2023,
    2024,
    2025,
    2026,
    2027,
    2028,
    2029,
    2030
  ],
  "forecast_values": [
    38999754120.59,
    39270827065.7,
    39541899629.34,
    39812971811.5,
    40084043612.19,
    40355115031.4,
    40626186069.13,
    40897256725.39,
    41168327000.18,
    41439396893.49
  ],
  "conf_int_lower": [
    38974207805.13,
    39210397093.53,
    39438435057.68,
    39659611350.94,
    39874752612.33,
    40084445145.89,
    40289132348.48,
    40489164611.62,
    40684827830.08,
    40876361016.9
  ],
  "conf_int_upper": [
    39025300436.06,
    39331257037.88,
    39645364201.0,
    39966332272.06,
    40293334612.05,
    40625784916.91,
    40963239789.79,
    41305348839.16,
    41651826170.28,
    42002432770.09
  ],
  "historical_years": [
    1750,
    1751,
    1752,
    1753,
    1754,
    1755,
    1756,
    1757,
    1758,
    1759,
    1760,
    1761,
    1762,
    1763,
    1764,
    1765,
    1766,
    1767,
    1768,
    1769,
    1770,
    1771,
    1772,
    1773,
    1774,
    1775,
    1776,
    1777,
    1778,
    1779,
    1780,
    1781,
    1782,
    1783,
    1784,
    1785,
    1786,
    1787,
    1788,
    1789,
    1790,
    1791,
    1792,
    1793,
    1794,
    1795,
    1796,
    1797,
    1798,
    1799,
    1800,
    1801,
    1802,
    1803,
    1804,
    1805,
    1806,
    1807,
    1808,
    1809,
    1810,
    1811,
    1812,
    1813,
    1814,
    1815,
    1816,
    1817,
    1818,
    1819,
    1820,
    1821,
    1822,
    1823,
    1824,
    1825,
    1826,
    1827,
    1828,
    1829,
    1830,
    1831,
    1832,
    1833,
    1834,
    1835,
    1836,
    1837,
    1838,
    1839,
    1840,
    1841,
    1842,
    1843,
    1844,
    1845,
    1846,
    1847,
    1848,
    1849,
    1850,
    1851,
    1852,
    1853,
    1854,
    1855,
    1856,
    1857,
    1858,
    1859,
    1860,
    1861,
    1862,
    1863,
    1864,
    1865,
    1866,
    1867,
    1868,
    1869,
    1870,
    1871,
    1872,
    1873,
    1874,
    1875,
    1876,
    1877,
    1878,
    1879,
    1880,
    1881,
    1882,
    1883,
    1884,
    1885,
    1886,
    1887,
    1888,
    1889,
    1890,
    1891,
    1892,
    1893,
    1894,
    1895,
    1896,
    1897,
    1898,
    1899,
    1900,
    1901,
    1902,
    1903,
    1904,
    1905,
    1906,
    1907,
    1908,
    1909,
    1910,
    1911,
    1912,
    1913,
    1914,
    1915,
    1916,
    1917,
    1918,
    1919,
    1920,
    1921,
    1922,
    1923,
    1924,
    1925,
    1926,
    1927,
    1928,
    1929,
    1930,
    1931,
    1932,
    1933,
    1934,
    1935,
    1936,
    1937,
    1938,
    1939,
    1940,
    1941,
    1942,
    1943,
    1944,
    1945,
    1946,
    1947,
    1948,
    1949,
    1950,
    1951,
    1952,
    1953,
    1954,
    1955,
    1956,
    1957,
    1958,
    1959,
    1960,
    1961,
    1962,
    1963,
    1964,
    1965,
    1966,
    1967,
    1968,
    1969,
    1970,
    1971,
    1972,
    1973,
    1974,
    1975,
    1976,
    1977,
    1978,
    1979,
    1980,
    1981,
    1982,
    1983,
    1984,
    1985,
    1986,
    1987,
    1988,
    1989,
    1990,
    1991,
    1992,
    1993,
    1994,
    1995,
    1996,
    1997,
    1998,
    1999,
    2000,
    2001,
    2002,
    2003,
    2004,
    2005,
    2006,
    2007,
    2008,
    2009,
    2010,
    2011,
    2012,
    2013,
    2014,
    2015,
    2016,
    2017,
    2018,
    2019,
    2020
  ],
  "historical_values": [
    0.0,
    0.0,
    0.0,
    0.0,
    0.0,
    0.0,
    0.0,
    0.0,
    0.0,
    0.0,
    0.0,
    0.0,
    0.0,
    0.0,
    0.0,
    0.0,
    0.0,
    0.0,
    0.0,
    0.0,
    0.0,
    0.0,
    0.0,
    0.0,
    0.0,
    0.0,
    0.0,
    0.0,
    0.0,
    0.0,
    0.0,
    0.0,
    0.0,
    0.0,
    0.0,
    0.0,
    0.0,
    0.0,
    0.0,
    0.0,
    0.0,
    0.0,
    0.0,
    0.0,
    0.0,
    0.0,
    0.0,
    0.0,
    0.0,
    0.0,
    0.0,
    0.0,
    2238704.0,
    2238704.0,
    4415120.0,
    4415120.0,
    4415120.0,
    4415120.0,
    4415120.0,
    4415120.0,
    6536576.0,
    8588416.0,
    10805136.0,
    12853312.0,
    14945456.0,
    17286752.0,
    19785600.0,
    22445664.0,
    24827264.0,
    27384736.0,
    30286624.0,
    33298432.0,
    36467792.0,
    39637152.0,
    43154592.0,
    47111712.0,
    51200736.0,
    57110768.0,
    63354224.0,
    69429136.0,
    75980368.0,
    82033296.0,
    88712768.0,
    95960160.0,
    104882000.0,
    114140928.0,
    124777520.0,
    136128592.0,
    147996288.0,
    159567200.0,
    171365280.0,
    185185888.0,
    199713648.0,
    214263392.0,
    229523952.0,
    247360304.0,
    265889152.0,
    286729984.0,
    303419504.0,
    320805184.0,
    340422240.0,
    360460656.0,
    382030624.0,
    407370848.0,
    436583920.0,
    469655184.0,
    504287312.0,
    539567968.0,
    574163456.0,
    609154656.0,
    647285904.0,
    688527888.0,
    732052544.0,
    776240384.0,
    823069968.0,
    872372752.0,
    925933104.0,
    980211600.0,
    1035743184.0,
    1092685408.0,
    1143222960.0,
    1193485712.0,
    1254410704.0,
    1320260112.0,
    1382903520.0,
    1448163024.0,
    1513521456.0,
    1577447264.0,
    1642670128.0,
    1710168336.0,
    1786317248.0,
    1864301824.0,
    1946609920.0,
    2032930096.0,
    2115842752.0,
    2195556736.0,
    2274629520.0,
    2357919568.0,
    2444573168.0,
    2533370208.0,
    2631188016.0,
    2729170704.0,
    2827292624.0,
    2923622848.0,
    3025522352.0,
    3128297552.0,
    3234579200.0,
    3345840224.0,
    3460886160.0,
    3581186272.0,
    3710463184.0,
    3835467872.0,
    3953129904.0,
    4082472768.0,
    4208470400.0,
    4335896992.0,
    4472465264.0,
    4618061632.0,
    4764775520.0,
    4914871280.0,
    5065483664.0,
    5222390800.0,
    5380968720.0,
    5552081184.0,
    5670432048.0,
    5773665248.0,
    5883354416.0,
    6004958912.0,
    6113409648.0,
    6229551120.0,
    6381328656.0,
    6519237952.0,
    6682388544.0,
    6866577824.0,
    7073212768.0,
    7287040144.0,
    7500772256.0,
    7713811872.0,
    7925431030.0,
    8159713116.0,
    8397347307.0,
    8614840846.0,
    8806616265.0,
    9006003327.0,
    9207353401.0,
    9402725730.0,
    9600804804.0,
    9818509806.0,
    10020308270.0,
    10214925294.0,
    10352662382.0,
    10472589664.0,
    10595085401.0,
    10720331078.0,
    10800317523.0,
    10907483164.0,
    11072728334.0,
    11256352443.0,
    11452852995.0,
    11681903908.0,
    11884332770.0,
    12113248638.0,
    12340436652.0,
    12555175384.0,
    12781743418.0,
    13020974364.0,
    13289744814.0,
    13567586267.0,
    13834073409.0,
    14096362894.0,
    14391759307.0,
    14706417813.0,
    15038240215.0,
    15376031676.0,
    15744027551.0,
    16106989679.0,
    16486096601.0,
    16889512368.0,
    17306463188.0,
    17748652027.0,
    18208175168.0,
    18700283308.0,
    19212759682.0,
    19750166238.0,
    20269371159.0,
    20749553272.0,
    21271541488.0,
    21776678455.0,
    22303660702.0,
    22834400417.0,
    23343685021.0,
    23801202027.0,
    24239808719.0,
    24661366196.0,
    25071470108.0,
    25474677570.0,
    25862939224.0,
    26248300930.0,
    26631065614.0,
    27027847913.0,
    27420846342.0,
    27837980128.0,
    28244959500.0,
    28632626005.0,
    29013651939.0,
    29399627328.0,
    29802030217.0,
    30197275494.0,
    30611181240.0,
    31022725453.0,
    31428626515.0,
    31839159871.0,
    32245170292.0,
    32657116430.0,
    33070265266.0,
    33485782809.0,
    33891544108.0,
    34286971771.0,
    34674963614.0,
    35043594804.0,
    35420170456.0,
    35773905400.0,
