{
  "country": "South Africa",
  "order": [
    1,
    1,
    1
  ],
  "aic": 9385.494424461356,
  "bic": 9396.289690338352,
  "mae": 3501984.359407632,
  "rmse": 8434335.461384086,
  "trend_pct_10y_avg": 2.4678,
  "forecast_years": [
    2021,
    2022,
    2023,
    2024,
    2025,
    2026,
    2027,
    2028,
    2029,
    2030
  ],
  "forecast_values": [
    21615791381.59,
    22067283684.44,
    22518775387.54,
    22970266490.89,
    23421756994.5,
    23873246898.36,
    24324736202.48,
    24776224906.86,
    25227713011.5,
    25679200516.4
  ],
  "conf_int_lower": [
    21599694344.16,
    22031013447.66,
    22457885933.27,
    22880972714.96,
    23300714178.2,
    23717427280.42,
    24131353630.97,
    24542685126.94,
    24951578896.92,
    25358166648.26
  ],
  "conf_int_upper": [
    21631888419.03,
    22103553921.21,
    22579664841.8,
    23059560266.82,
    23542799810.8,
    24029066516.3,
    24518118774.0,
    25009764686.78,
    25503847126.08,
    26000234384.54
  ],
  "historical_years": [
    1750,
    1751,
    1752,
    1753,
    1754,
    1755,
    1756,
    1757,
    1758,
    1759,
    1760,
    1761,
    1762,
    1763,
    1764,
    1765,
    1766,
    1767,
    1768,
    1769,
    1770,
    1771,
    1772,
    1773,
    1774,
    1775,
    1776,
    1777,
    1778,
    1779,
    1780,
    1781,
    1782,
    1783,
    1784,
    1785,
    1786,
    1787,
    1788,
    1789,
    1790,
    1791,
    1792,
    1793,
    1794,
    1795,
    1796,
    1797,
    1798,
    1799,
    1800,
    1801,
    1802,
    1803,
    1804,
    1805,
    1806,
    1807,
    1808,
    1809,
    1810,
    1811,
    1812,
    1813,
    1814,
    1815,
    1816,
    1817,
    1818,
    1819,
    1820,
    1821,
    1822,
    1823,
    1824,
    1825,
    1826,
    1827,
    1828,
    1829,
    1830,
    1831,
    1832,
    1833,
    1834,
    1835,
    1836,
    1837,
    1838,
    1839,
    1840,
    1841,
    1842,
    1843,
    1844,
    1845,
    1846,
    1847,
    1848,
    1849,
    1850,
    1851,
    1852,
    1853,
    1854,
    1855,
    1856,
    1857,
    1858,
    1859,
    1860,
    1861,
    1862,
    1863,
    1864,
    1865,
    1866,
    1867,
    1868,
    1869,
    1870,
    1871,
    1872,
    1873,
    1874,
    1875,
    1876,
    1877,
    1878,
    1879,
    1880,
    1881,
    1882,
    1883,
    1884,
    1885,
    1886,
    1887,
    1888,
    1889,
    1890,
    1891,
    1892,
    1893,
    1894,
    1895,
    1896,
    1897,
    1898,
    1899,
    1900,
    1901,
    1902,
    1903,
    1904,
    1905,
    1906,
    1907,
    1908,
    1909,
    1910,
    1911,
    1912,
    1913,
    1914,
    1915,
    1916,
    1917,
    1918,
    1919,
    1920,
    1921,
    1922,
    1923,
    1924,
    1925,
    1926,
    1927,
    1928,
    1929,
    1930,
    1931,
    1932,
    1933,
    1934,
    1935,
    1936,
    1937,
    1938,
    1939,
    1940,
    1941,
    1942,
    1943,
    1944,
    1945,
    1946,
    1947,
    1948,
    1949,
    1950,
    1951,
    1952,
    1953,
    1954,
    1955,
    1956,
    1957,
    1958,
    1959,
    1960,
    1961,
    1962,
    1963,
    1964,
    1965,
    1966,
    1967,
    1968,
    1969,
    1970,
    1971,
    1972,
    1973,
    1974,
    1975,
    1976,
    1977,
    1978,
    1979,
    1980,
    1981,
    1982,
    1983,
    1984,
    1985,
    1986,
    1987,
    1988,
    1989,
    1990,
    1991,
    1992,
    1993,
    1994,
    1995,
    1996,
    1997,
    1998,
    1999,
    2000,
    2001,
    2002,
    2003,
    2004,
    2005,
    2006,
    2007,
    2008,
    2009,
    2010,
    2011,
    2012,
    2013,
    2014,
    2015,
    2016,
    2017,
    2018,
    2019,
    2020
  ],
  "historical_values": [
    0.0,
    0.0,
    0.0,
    0.0,
    0.0,
    0.0,
    0.0,
    0.0,
    0.0,
    0.0,
    0.0,
    0.0,
    0.0,
    0.0,
    0.0,
    0.0,
    0.0,
    0.0,
    0.0,
    0.0,
    0.0,
    0.0,
    0.0,
    0.0,
    0.0,
    0.0,
    0.0,
    0.0,
    0.0,
    0.0,
    0.0,
    0.0,
    0.0,
    0.0,
    0.0,
    0.0,
    0.0,
    0.0,
    0.0,
    0.0,
    0.0,
    0.0,
    0.0,
    0.0,
    0.0,
    0.0,
    0.0,
    0.0,
    0.0,
    0.0,
    0.0,
    0.0,
    0.0,
    0.0,
    0.0,
    0.0,
    0.0,
    0.0,
    0.0,
    0.0,
    0.0,
    0.0,
    0.0,
    0.0,
    0.0,
    0.0,
    0.0,
    0.0,
    0.0,
    0.0,
    0.0,
    0.0,
    0.0,
    0.0,
    0.0,
    0.0,
    0.0,
    0.0,
    0.0,
    0.0,
    0.0,
    0.0,
    0.0,
    0.0,
    0.0,
    0.0,
    0.0,
    0.0,
    0.0,
    0.0,
    0.0,
    0.0,
    0.0,
    0.0,
    0.0,
    0.0,
    0.0,
    0.0,
    0.0,
    0.0,
    0.0,
    0.0,
    0.0,
    0.0,
    0.0,
    0.0,
    0.0,
    0.0,
    0.0,
    0.0,
    0.0,
    0.0,
    0.0,
    0.0,
    0.0,
    0.0,
    0.0,
    0.0,
    0.0,
    0.0,
    0.0,
    0.0,
    0.0,
    0.0,
    0.0,
    0.0,
    0.0,
    0.0,
    0.0,
    0.0,
    0.0,
    0.0,
    0.0,
    0.0,
    21984.0,
    58624.0,
    106256.0,
    153888.0,
    234496.0,
    366400.0,
    663184.0,
    959968.0,
    1439952.0,
    3238976.0,
    5671872.0,
    9009776.0,
    13267344.0,
    18045200.0,
    24094464.0,
    29612448.0,
    31942752.0,
    35852240.0,
    41678000.0,
    49460336.0,
    58228288.0,
    68256656.0,
    79721312.0,
    92373104.0,
    105380304.0,
    120355072.0,
    137334048.0,
    153675488.0,
    171024528.0,
    190007712.0,
    208408320.0,
    226918848.0,
    248730640.0,
    272070320.0,
    294292480.0,
    317430640.0,
    343096960.0,
    368510464.0,
    390296608.0,
    416739696.0,
    444516480.0,
    473469408.0,
    503898928.0,
    533460080.0,
    563083520.0,
    593852336.0,
    622574432.0,
    648141824.0,
    671597593.0,
    696929241.0,
    725799808.0,
    757956596.0,
    793208543.0,
    830024691.0,
    868723987.0,
    908881258.0,
    950398348.0,
    994725548.0,
    1043148803.0,
    1091912929.0,
    1146480028.0,
    1202348115.0,
    1258391568.0,
    1314225876.0,
    1371324027.0,
    1431910097.0,
    1492941214.0,
    1558082893.0,
    1628965793.0,
    1699961861.0,
    1773859669.0,
    1856795851.0,
    1944058653.0,
    2033710175.0,
    2129963452.0,
    2224436322.0,
    2322279835.0,
    2424399681.0,
    2530069675.0,
    2639794826.0,
    2759340844.0,
    2887480882.0,
    3015715768.0,
    3149475877.0,
    3287429631.0,
    3430572480.0,
    3580190666.0,
    3748595740.0,
    3920152642.0,
    4093510452.0,
    4270062665.0,
    4455073634.0,
    4647990166.0,
    4847737256.0,
    5049627967.0,
    5268311998.0,
    5496529344.0,
    5753628782.0,
    6034088211.0,
    6326018174.0,
    6641642295.0,
    6965532310.0,
    7296058599.0,
    7624754420.0,
    7967450604.0,
    8308203097.0,
    8621175764.0,
    8947244850.0,
    9248612273.0,
    9569003555.0,
    9907628496.0,
    10269268457.0,
    10632941400.0,
    11018400912.0,
    11395714251.0,
    11770545069.0,
    12148799925.0,
    12520316621.0,
    12876674029.0,
    13280847122.0,
    13729925810.0,
    14145850450.0,
    14592473038.0,
    15057273313.0,
    15551915567.0,
    16054175011.0,
    16521105019.0,
    16995053971.0,
    17456192937.0,
    17912058881.0,
    18392686817.0,
    18843258345.0,
    19308027414.0,
    19772226154.0,
    20236418776.0,
    20712341392.0,
    21164298479.0
  ],
  "risk_score": 80.11,
  "risk_label": "Critical",
  "level_component": 35.3,
  "trend_component": 14.81,
  "forecast_component": 30.0
}