{
  "country": "Ukraine",
  "order": [
    1,
    1,
    1
  ],
  "aic": 9606.550685457743,
  "bic": 9617.345951334739,
  "mae": 5532239.341233005,
  "rmse": 12664018.648185423,
  "trend_pct_10y_avg": 0.8369,
  "forecast_years": [
    2021,
    2022,
    2023,
    2024,
    2025,
    2026,
    2027,
    2028,
    2029,
    2030
  ],
  "forecast_values": [
    30771742022.97,
    30984064783.19,
    31196124947.83,
    31407922841.66,
    31619458789.05,
    31830733113.98,
    32041746140.0,
    32252498190.29,
    32462989587.62,
    32673220654.35
  ],
  "conf_int_lower": [
    30745336987.53,
    30916157243.95,
    31076338953.73,
    31227630405.29,
    31371127948.16,
    31507601043.92,
    31637628243.88,
    31761665237.81,
    31880083161.92,
    31993192027.49
  ],
  "conf_int_upper": [
    30798147058.41,
    31051972322.43,
    31315910941.92,
    31588215278.03,
    31867789629.95,
    32153865184.03,
    32445864036.11,
    32743331142.77,
    33045896013.31,
    33353249281.21
  ],
  "historical_years": [
    1750,
    1751,
    1752,
    1753,
    1754,
    1755,
    1756,
    1757,
    1758,
    1759,
    1760,
    1761,
    1762,
    1763,
    1764,
    1765,
    1766,
    1767,
    1768,
    1769,
    1770,
    1771,
    1772,
    1773,
    1774,
    1775,
    1776,
    1777,
    1778,
    1779,
    1780,
    1781,
    1782,
    1783,
    1784,
    1785,
    1786,
    1787,
    1788,
    1789,
    1790,
    1791,
    1792,
    1793,
    1794,
    1795,
    1796,
    1797,
    1798,
    1799,
    1800,
    1801,
    1802,
    1803,
    1804,
    1805,
    1806,
    1807,
    1808,
    1809,
    1810,
    1811,
    1812,
    1813,
    1814,
    1815,
    1816,
    1817,
    1818,
    1819,
    1820,
    1821,
    1822,
    1823,
    1824,
    1825,
    1826,
    1827,
    1828,
    1829,
    1830,
    1831,
    1832,
    1833,
    1834,
    1835,
    1836,
    1837,
    1838,
    1839,
    1840,
    1841,
    1842,
    1843,
    1844,
    1845,
    1846,
    1847,
    1848,
    1849,
    1850,
    1851,
    1852,
    1853,
    1854,
    1855,
    1856,
    1857,
    1858,
    1859,
    1860,
    1861,
    1862,
    1863,
    1864,
    1865,
    1866,
    1867,
    1868,
    1869,
    1870,
    1871,
    1872,
    1873,
    1874,
    1875,
    1876,
    1877,
    1878,
    1879,
    1880,
    1881,
    1882,
    1883,
    1884,
    1885,
    1886,
    1887,
    1888,
    1889,
    1890,
    1891,
    1892,
    1893,
    1894,
    1895,
    1896,
    1897,
    1898,
    1899,
    1900,
    1901,
    1902,
    1903,
    1904,
    1905,
    1906,
    1907,
    1908,
    1909,
    1910,
    1911,
    1912,
    1913,
    1914,
    1915,
    1916,
    1917,
    1918,
    1919,
    1920,
    1921,
    1922,
    1923,
    1924,
    1925,
    1926,
    1927,
    1928,
    1929,
    1930,
    1931,
    1932,
    1933,
    1934,
    1935,
    1936,
    1937,
    1938,
    1939,
    1940,
    1941,
    1942,
    1943,
    1944,
    1945,
    1946,
    1947,
    1948,
    1949,
    1950,
    1951,
    1952,
    1953,
    1954,
    1955,
    1956,
    1957,
    1958,
    1959,
    1960,
    1961,
    1962,
    1963,
    1964,
    1965,
    1966,
    1967,
    1968,
    1969,
    1970,
    1971,
    1972,
    1973,
    1974,
    1975,
    1976,
    1977,
    1978,
    1979,
    1980,
    1981,
    1982,
    1983,
    1984,
    1985,
    1986,
    1987,
    1988,
    1989,
    1990,
    1991,
    1992,
    1993,
    1994,
    1995,
    1996,
    1997,
    1998,
    1999,
    2000,
    2001,
    2002,
    2003,
    2004,
    2005,
    2006,
    2007,
    2008,
    2009,
    2010,
    2011,
    2012,
    2013,
    2014,
    2015,
    2016,
    2017,
    2018,
    2019,
    2020
  ],
  "historical_values": [
    0.0,
    0.0,
    0.0,
    0.0,
    0.0,
    0.0,
    0.0,
    0.0,
    0.0,
    0.0,
    0.0,
    0.0,
    0.0,
    0.0,
    0.0,
    0.0,
    0.0,
    0.0,
    0.0,
    0.0,
    0.0,
    0.0,
    0.0,
    0.0,
    0.0,
    0.0,
    0.0,
    0.0,
    0.0,
    0.0,
    0.0,
    0.0,
    0.0,
    0.0,
    0.0,
    0.0,
    0.0,
    0.0,
    0.0,
    0.0,
    0.0,
    0.0,
    0.0,
    0.0,
    0.0,
    0.0,
    0.0,
    0.0,
    0.0,
    0.0,
    0.0,
    0.0,
    0.0,
    0.0,
    0.0,
    0.0,
    0.0,
    0.0,
    0.0,
    0.0,
    0.0,
    0.0,
    0.0,
    0.0,
    0.0,
    0.0,
    0.0,
    0.0,
    0.0,
    0.0,
    0.0,
    0.0,
    0.0,
    0.0,
    0.0,
    0.0,
    0.0,
    0.0,
    0.0,
    0.0,
    3547.0,
    7803.0,
    10640.0,
    14187.0,
    14187.0,
    14187.0,
    14187.0,
    14187.0,
    14187.0,
    14187.0,
    14187.0,
    14187.0,
    14187.0,
    14187.0,
    14187.0,
    14187.0,
    14187.0,
    14187.0,
    14187.0,
    14187.0,
    36177.0,
    36177.0,
    36177.0,
    36177.0,
    36177.0,
    102855.0,
    102855.0,
    102855.0,
    196488.0,
    295796.0,
    427025.0,
    593721.0,
    744102.0,
    901576.0,
    1078203.0,
    1247027.0,
    1780454.0,
    2392618.0,
    2901927.0,
    3592828.0,
    4342605.0,
    5354839.0,
    6394029.0,
    7369378.0,
    8553274.0,
    9915925.0,
    11607711.0,
    13334255.0,
    15590679.0,
    17905979.0,
    20622059.0,
    23482845.0,
    26496140.0,
    29925820.0,
    33407992.0,
    37200856.0,
    41090901.0,
    45207226.0,
    49500888.0,
    54137872.0,
    59389148.0,
    65171014.0,
    71291237.0,
    78464837.0,
    85771084.0,
    94166175.0,
    102712356.0,
    112593523.0,
    123675610.0,
    136531768.0,
    151095318.0,
    166046879.0,
    180487712.0,
    194613596.0,
    210329830.0,
    224358534.0,
    240359925.0,
    258282930.0,
    276315883.0,
    295351849.0,
    314020375.0,
    333375546.0,
    355300672.0,
    379118328.0,
    400614300.0,
    420344714.0,
    441373938.0,
    460727690.0,
    468446066.0,
    475038713.0,
    481050407.0,
    487569991.0,
    495521032.0,
    504304134.0,
    514768382.0,
    525096436.0,
    540060765.0,
    558665450.0,
    579333529.0,
    601592215.0,
    631854868.0,
    668210945.0,
    709170701.0,
    754945673.0,
    810315426.0,
    872989970.0,
    944857365.0,
    1018345251.0,
    1095908258.0,
    1174422453.0,
    1268557907.0,
    1351255512.0,
    1396213050.0,
    1443133344.0,
    1511176495.0,
    1583219152.0,
    1664186217.0,
    1761685813.0,
    1865438073.0,
    1983379797.0,
    2114849466.0,
    2257337573.0,
    2409920337.0,
    2571344576.0,
    2747648679.0,
    2947560234.0,
    3166732663.0,
    3406563417.0,
    3662531120.0,
    3931623672.0,
    4211746959.0,
    4500568470.0,
    4803620371.0,
    5128585086.0,
    5474145260.0,
    5840665773.0,
    6227679175.0,
    6632289426.0,
    7048199239.0,
    7481307836.0,
    7936874995.0,
    8420282551.0,
    8928883860.0,
    9458921738.0,
    10009081559.0,
    10587353827.0,
    11187870885.0,
    11808764925.0,
    12450912057.0,
    13098388371.0,
    13771391954.0,
    14431344534.0,
    15103808603.0,
    15785734618.0,
    16473673337.0,
    17215861931.0,
    17955133573.0,
    18688370318.0,
    19414218985.0,
    20096835884.0,
    20802665876.0,
    21435202502.0,
    22024262753.0,
    22534462290.0,
    22953728591.0,
    23343593206.0,
    23695001959.0,
    24035244645.0,
    24363823583.0,
    24662027543.0,
    24947364744.0,
    25250923973.0,
    25546597463.0,
    25853614935.0,
    26163977683.0,
    26477095771.0,
    26809766108.0,
    27146130122.0,
    27471662835.0,
    27748956336.0,
    28043034658.0,
    28350987499.0,
    28654963929.0,
    28952213568.0,
    29209722174.0,
    29433544289.0,
    29667550244.0,
    29890635220.0,
    30122668146.0,
    30345247469.0,
    30559156342.0
  ],
  "risk_score": 59.54,
  "risk_label": "High",
  "level_component": 35.85,
  "trend_component": 5.02,
  "forecast_component": 18.67
}