{
  "country": "United States",
  "order": [
    1,
    1,
    1
  ],
  "aic": 11281.602982296863,
  "bic": 11292.398248173859,
  "mae": 147872927.0397191,
  "rmse": 282399279.81500876,
  "trend_pct_10y_avg": 1.3682,
  "forecast_years": [
    2021,
    2022,
    2023,
    2024,
    2025,
    2026,
    2027,
    2028,
    2029,
    2030
  ],
  "forecast_values": [
    422174316850.67,
    427348564633.51,
    432522743349.43,
    437696852999.36,
    442870893584.22,
    448044865104.93,
    453218767562.41,
    458392600957.59,
    463566365291.39,
    468740060564.72
  ],
  "conf_int_lower": [
    421629275039.53,
    426410843594.86,
    431165613022.67,
    435885896093.62,
    440571404093.47,
    445223322170.96,
    449843125440.88,
    454432266285.77,
    458992088644.24,
    463523811558.18
  ],
  "conf_int_upper": [
    422719358661.82,
    428286285672.15,
    433879873676.18,
    439507809905.09,
    445170383074.96,
    450866408038.9,
    456594409683.94,
    462352935629.41,
    468140641938.54,
    473956309571.27
  ],
  "historical_years": [
    1750,
    1751,
    1752,
    1753,
    1754,
    1755,
    1756,
    1757,
    1758,
    1759,
    1760,
    1761,
    1762,
    1763,
    1764,
    1765,
    1766,
    1767,
    1768,
    1769,
    1770,
    1771,
    1772,
    1773,
    1774,
    1775,
    1776,
    1777,
    1778,
    1779,
    1780,
    1781,
    1782,
    1783,
    1784,
    1785,
    1786,
    1787,
    1788,
    1789,
    1790,
    1791,
    1792,
    1793,
    1794,
    1795,
    1796,
    1797,
    1798,
    1799,
    1800,
    1801,
    1802,
    1803,
    1804,
    1805,
    1806,
    1807,
    1808,
    1809,
    1810,
    1811,
    1812,
    1813,
    1814,
    1815,
    1816,
    1817,
    1818,
    1819,
    1820,
    1821,
    1822,
    1823,
    1824,
    1825,
    1826,
    1827,
    1828,
    1829,
    1830,
    1831,
    1832,
    1833,
    1834,
    1835,
    1836,
    1837,
    1838,
    1839,
    1840,
    1841,
    1842,
    1843,
    1844,
    1845,
    1846,
    1847,
    1848,
    1849,
    1850,
    1851,
    1852,
    1853,
    1854,
    1855,
    1856,
    1857,
    1858,
    1859,
    1860,
    1861,
    1862,
    1863,
    1864,
    1865,
    1866,
    1867,
    1868,
    1869,
    1870,
    1871,
    1872,
    1873,
    1874,
    1875,
    1876,
    1877,
    1878,
    1879,
    1880,
    1881,
    1882,
    1883,
    1884,
    1885,
    1886,
    1887,
    1888,
    1889,
    1890,
    1891,
    1892,
    1893,
    1894,
    1895,
    1896,
    1897,
    1898,
    1899,
    1900,
    1901,
    1902,
    1903,
    1904,
    1905,
    1906,
    1907,
    1908,
    1909,
    1910,
    1911,
    1912,
    1913,
    1914,
    1915,
    1916,
    1917,
    1918,
    1919,
    1920,
    1921,
    1922,
    1923,
    1924,
    1925,
    1926,
    1927,
    1928,
    1929,
    1930,
    1931,
    1932,
    1933,
    1934,
    1935,
    1936,
    1937,
    1938,
    1939,
    1940,
    1941,
    1942,
    1943,
    1944,
    1945,
    1946,
    1947,
    1948,
    1949,
    1950,
    1951,
    1952,
    1953,
    1954,
    1955,
    1956,
    1957,
    1958,
    1959,
    1960,
    1961,
    1962,
    1963,
    1964,
    1965,
    1966,
    1967,
    1968,
    1969,
    1970,
    1971,
    1972,
    1973,
    1974,
    1975,
    1976,
    1977,
    1978,
    1979,
    1980,
    1981,
    1982,
    1983,
    1984,
    1985,
    1986,
    1987,
    1988,
    1989,
    1990,
    1991,
    1992,
    1993,
    1994,
    1995,
    1996,
    1997,
    1998,
    1999,
    2000,
    2001,
    2002,
    2003,
    2004,
    2005,
    2006,
    2007,
    2008,
    2009,
    2010,
    2011,
    2012,
    2013,
    2014,
    2015,
    2016,
    2017,
    2018,
    2019,
    2020
  ],
  "historical_values": [
    0.0,
    0.0,
    0.0,
    0.0,
    0.0,
    0.0,
    0.0,
    0.0,
    0.0,
    0.0,
    0.0,
    0.0,
    0.0,
    0.0,
    0.0,
    0.0,
    0.0,
    0.0,
    0.0,
    0.0,
    0.0,
    0.0,
    0.0,
    0.0,
    0.0,
    0.0,
    0.0,
    0.0,
    0.0,
    0.0,
    0.0,
    0.0,
    0.0,
    0.0,
    0.0,
    0.0,
    0.0,
    0.0,
    0.0,
    0.0,
    0.0,
    0.0,
    0.0,
    0.0,
    0.0,
    0.0,
    0.0,
    0.0,
    0.0,
    0.0,
    252816.0,
    520288.0,
    809744.0,
    1106528.0,
    1439952.0,
    1780704.0,
    2114128.0,
    2491520.0,
    2883568.0,
    3286608.0,
    3704304.0,
    4151312.0,
    4634960.0,
    5155248.0,
    5715840.0,
    6316736.0,
    6979920.0,
    7698064.0,
    8478496.0,
    9240608.0,
    10032032.0,
    10860096.0,
    11724800.0,
    12626144.0,
    13641072.0,
    14776912.0,
    16092288.0,
    17539568.0,
    19133408.0,
    20928768.0,
    23017248.0,
    25281600.0,
    28304400.0,
    31832832.0,
    35214704.0,
    39530896.0,
    44261120.0,
    49566592.0,
    54597264.0,
    60115248.0,
    65988640.0,
    72202784.0,
    79120416.0,
    86884432.0,
    96190992.0,
    107395504.0,
    120105920.0,
    135175952.0,
    151960736.0,
    170181808.0,
    189974736.0,
    214607808.0,
    241398976.0,
    271561024.0,
    304720224.0,
    342880784.0,
    382917312.0,
    423972432.0,
    465621120.0,
    510941136.0,
    558378944.0,
    604058032.0,
    651506832.0,
    706316608.0,
    764973584.0,
    823795440.0,
    883027664.0,
    955893632.0,
    1038245696.0,
    1131941504.0,
    1230561728.0,
    1333582416.0,
    1459887824.0,
    1599394624.0,
    1733691216.0,
    1869438752.0,
    2002258752.0,
    2149434304.0,
    2293337904.0,
    2468806864.0,
    2667491099.0,
    2877683994.0,
    3113077943.0,
    3366960513.0,
    3634550091.0,
    3906712354.0,
    4194175510.0,
    4501556351.0,
    4875431448.0,
    5210973818.0,
    5612721087.0,
    6040145686.0,
    6490594906.0,
    6944689743.0,
    7369740082.0,
    7849688163.0,
    8330570629.0,
    8830857761.0,
    9376179210.0,
    10001713228.0,
    10664451606.0,
    11385979134.0,
    12150474879.0,
    13044881796.0,
    13926939318.0,
    14913421739.0,
    15948892959.0,
    17152754352.0,
    18205567218.0,
    19371273308.0,
    20642855340.0,
    21901521863.0,
    23245087341.0,
    24687629378.0,
    26005609583.0,
    27373306536.0,
    28892287167.0,
    30563257737.0,
    32310975813.0,
    33790134622.0,
    35528380313.0,
    36952048880.0,
    38387807120.0,
    40284542841.0,
    41982863032.0,
    43740960984.0,
    45646920135.0,
    47509666508.0,
    49340536558.0,
    51303950524.0,
    53048778899.0,
    54533671524.0,
    55791444661.0,
    57140287122.0,
    58576483324.0,
    60068763157.0,
    61782113627.0,
    63574659700.0,
    65090352678.0,
    66761206731.0,
    68636120762.0,
    70679616308.0,
    72877782296.0,
    75149767246.0,
    77594621324.0,
    79954116710.0,
    82211520302.0,
    84697272291.0,
    87279717447.0,
    89444464241.0,
    91985825663.0,
    94604401652.0,
    97155484100.0,
    99768310466.0,
    102000000000.0,
    105000000000.0,
    108000000000.0,
    111000000000.0,
    113000000000.0,
    116000000000.0,
    119000000000.0,
    122000000000.0,
    125000000000.0,
    128000000000.0,
    131000000000.0,
    135000000000.0,
    138000000000.0,
    142000000000.0,
    146000000000.0,
    150000000000.0,
    154000000000.0,
    159000000000.0,
    163000000000.0,
    168000000000.0,
    173000000000.0,
    177000000000.0,
    182000000000.0,
    187000000000.0,
    192000000000.0,
    197000000000.0,
    202000000000.0,
    206000000000.0,
    211000000000.0,
    215000000000.0,
    220000000000.0,
    224000000000.0,
    229000000000.0,
    234000000000.0,
    239000000000.0,
    244000000000.0,
    249000000000.0,
    254000000000.0,
    259000000000.0,
    265000000000.0,
    270000000000.0,
    275000000000.0,
    281000000000.0,
    287000000000.0,
    292000000000.0,
    298000000000.0,
    304000000000.0,
    310000000000.0,
    316000000000.0,
    322000000000.0,
    328000000000.0,
    334000000000.0,
