{
  "country": "India",
  "order": [
    1,
    1,
    1
  ],
  "aic": 9971.888093116046,
  "bic": 9982.683358993041,
  "mae": 7864329.928433952,
  "rmse": 24656866.231265288,
  "trend_pct_10y_avg": 5.5465,
  "forecast_years": [
    2021,
    2022,
    2023,
    2024,
    2025,
    2026,
    2027,
    2028,
    2029,
    2030
  ],
  "forecast_values": [
    56776763562.91,
    59137018326.81,
    61497253288.88,
    63857468449.26,
    66217663808.14,
    68577839365.68,
    70937995122.03,
    73298131077.38,
    75658247231.89,
    78018343585.71
  ],
  "conf_int_lower": [
    56733425512.94,
    59017098524.46,
    61280722300.85,
    63527664520.57,
    65760047018.38,
    67979349268.14,
    70186676647.28,
    72382895010.21,
    74568706155.74,
    76744693773.64
  ],
  "conf_int_upper": [
    56820101612.88,
    59256938129.17,
    61713784276.9,
    64187272377.96,
    66675280597.9,
    69176329463.21,
    71689313596.79,
    74213367144.55,
    76747788308.04,
    79291993397.78
  ],
  "historical_years": [
    1750,
    1751,
    1752,
    1753,
    1754,
    1755,
    1756,
    1757,
    1758,
    1759,
    1760,
    1761,
    1762,
    1763,
    1764,
    1765,
    1766,
    1767,
    1768,
    1769,
    1770,
    1771,
    1772,
    1773,
    1774,
    1775,
    1776,
    1777,
    1778,
    1779,
    1780,
    1781,
    1782,
    1783,
    1784,
    1785,
    1786,
    1787,
    1788,
    1789,
    1790,
    1791,
    1792,
    1793,
    1794,
    1795,
    1796,
    1797,
    1798,
    1799,
    1800,
    1801,
    1802,
    1803,
    1804,
    1805,
    1806,
    1807,
    1808,
    1809,
    1810,
    1811,
    1812,
    1813,
    1814,
    1815,
    1816,
    1817,
    1818,
    1819,
    1820,
    1821,
    1822,
    1823,
    1824,
    1825,
    1826,
    1827,
    1828,
    1829,
    1830,
    1831,
    1832,
    1833,
    1834,
    1835,
    1836,
    1837,
    1838,
    1839,
    1840,
    1841,
    1842,
    1843,
    1844,
    1845,
    1846,
    1847,
    1848,
    1849,
    1850,
    1851,
    1852,
    1853,
    1854,
    1855,
    1856,
    1857,
    1858,
    1859,
    1860,
    1861,
    1862,
    1863,
    1864,
    1865,
    1866,
    1867,
    1868,
    1869,
    1870,
    1871,
    1872,
    1873,
    1874,
    1875,
    1876,
    1877,
    1878,
    1879,
    1880,
    1881,
    1882,
    1883,
    1884,
    1885,
    1886,
    1887,
    1888,
    1889,
    1890,
    1891,
    1892,
    1893,
    1894,
    1895,
    1896,
    1897,
    1898,
    1899,
    1900,
    1901,
    1902,
    1903,
    1904,
    1905,
    1906,
    1907,
    1908,
    1909,
    1910,
    1911,
    1912,
    1913,
    1914,
    1915,
    1916,
    1917,
    1918,
    1919,
    1920,
    1921,
    1922,
    1923,
    1924,
    1925,
    1926,
    1927,
    1928,
    1929,
    1930,
    1931,
    1932,
    1933,
    1934,
    1935,
    1936,
    1937,
    1938,
    1939,
    1940,
    1941,
    1942,
    1943,
    1944,
    1945,
    1946,
    1947,
    1948,
    1949,
    1950,
    1951,
    1952,
    1953,
    1954,
    1955,
    1956,
    1957,
    1958,
    1959,
    1960,
    1961,
    1962,
    1963,
    1964,
    1965,
    1966,
    1967,
    1968,
    1969,
    1970,
    1971,
    1972,
    1973,
    1974,
    1975,
    1976,
    1977,
    1978,
    1979,
    1980,
    1981,
    1982,
    1983,
    1984,
    1985,
    1986,
    1987,
    1988,
    1989,
    1990,
    1991,
    1992,
    1993,
    1994,
    1995,
    1996,
    1997,
    1998,
    1999,
    2000,
    2001,
    2002,
    2003,
    2004,
    2005,
    2006,
    2007,
    2008,
    2009,
    2010,
    2011,
    2012,
    2013,
    2014,
    2015,
    2016,
    2017,
    2018,
    2019,
    2020
  ],
  "historical_values": [
    0.0,
    0.0,
    0.0,
    0.0,
    0.0,
    0.0,
    0.0,
    0.0,
    0.0,
    0.0,
    0.0,
    0.0,
    0.0,
    0.0,
    0.0,
    0.0,
    0.0,
    0.0,
    0.0,
    0.0,
    0.0,
    0.0,
    0.0,
    0.0,
    0.0,
    0.0,
    0.0,
    0.0,
    0.0,
    0.0,
    0.0,
    0.0,
    0.0,
    0.0,
    0.0,
    0.0,
    0.0,
    0.0,
    0.0,
    0.0,
    0.0,
    0.0,
    0.0,
    0.0,
    0.0,
    0.0,
    0.0,
    0.0,
    0.0,
    0.0,
    0.0,
    0.0,
    0.0,
    0.0,
    0.0,
    0.0,
    0.0,
    0.0,
    0.0,
    0.0,
    0.0,
    0.0,
    0.0,
    0.0,
    0.0,
    0.0,
    0.0,
    0.0,
    0.0,
    0.0,
    0.0,
    0.0,
    0.0,
    0.0,
    0.0,
    0.0,
    0.0,
    0.0,
    0.0,
    0.0,
    0.0,
    0.0,
    0.0,
    0.0,
    0.0,
    0.0,
    0.0,
    0.0,
    0.0,
    0.0,
    0.0,
    0.0,
    0.0,
    0.0,
    0.0,
    0.0,
    0.0,
    0.0,
    0.0,
    0.0,
    0.0,
    0.0,
    0.0,
    0.0,
    0.0,
    0.0,
    0.0,
    0.0,
    395050.0,
    1032441.0,
    1676472.0,
    2174434.0,
    2725512.0,
    3336346.0,
    3913982.0,
    4481659.0,
    5122370.0,
    5122370.0,
    5122370.0,
    5122370.0,
    5122370.0,
    5122370.0,
    5122370.0,
    5122370.0,
    5122370.0,
    5122370.0,
    5122370.0,
    5122370.0,
    6891795.0,
    8578472.0,
    10467777.0,
    12309589.0,
    14508687.0,
    16952856.0,
    19686335.0,
    22148947.0,
    24924451.0,
    27994344.0,
    31408133.0,
    35434787.0,
    39871835.0,
    44650030.0,
    49903611.0,
    55453153.0,
    61076851.0,
    68120332.0,
    75737907.0,
    84001367.0,
    93137982.0,
    103205098.0,
    115149838.0,
    128345974.0,
    142879810.0,
    157700383.0,
    174281773.0,
    191233376.0,
    210807062.0,
    232607119.0,
    257547040.0,
    281719137.0,
    305236338.0,
    330050330.0,
    358608258.0,
    390115227.0,
    421854216.0,
    455038370.0,
    488598680.0,
    523663631.0,
    563074353.0,
    606105244.0,
    641017780.0,
    678571186.0,
    715521719.0,
    753542374.0,
    794222864.0,
    834359645.0,
    874354322.0,
    916292895.0,
    956421779.0,
    998187754.0,
    1040646302.0,
    1079551197.0,
    1115730666.0,
    1151247099.0,
    1190912850.0,
    1232363151.0,
    1273103725.0,
    1318233121.0,
    1368683095.0,
    1418064216.0,
    1470446652.0,
    1524100850.0,
    1577703406.0,
    1624411125.0,
    1672171933.0,
    1725118330.0,
    1777415018.0,
    1830668904.0,
    1883946534.0,
    1940211765.0,
    2001389205.0,
    2065488983.0,
    2132997804.0,
    2201786780.0,
    2274286730.0,
    2353165237.0,
    2434914423.0,
    2526653546.0,
    2622577340.0,
    2724137888.0,
    2835588136.0,
    2956127589.0,
    3088856234.0,
    3231457684.0,
    3371096850.0,
    3524964697.0,
    3684504759.0,
    3844230266.0,
    4018476009.0,
    4196065120.0,
    4377963780.0,
    4570108346.0,
    4773335767.0,
    4982627136.0,
    5198687799.0,
    5433126770.0,
    5678116787.0,
    5937331407.0,
    6200729830.0,
    6477271891.0,
    6769264123.0,
    7084529918.0,
    7410213550.0,
    7762743651.0,
    8124632876.0,
    8522585836.0,
    8949284393.0,
    9405043234.0,
    9897187259.0,
    10438322139.0,
    11016840334.0,
    11632765257.0,
    12288798389.0,
    12966714664.0,
    13683632227.0,
    14445752869.0,
    15271671725.0,
    16131357963.0,
    17009056030.0,
    17960804704.0,
    18939723919.0,
    19932284055.0,
    20955311258.0,
    22014927422.0,
    23140398687.0,
    24326352051.0,
    25586096327.0,
    26944248545.0,
    28407063143.0,
    30019879742.0,
    31697767327.0,
    33477897323.0,
    35441483368.0,
    37478420449.0,
    39664276367.0,
    41932843845.0,
    44315067065.0,
    46748922819.0,
    49348728536.0,
    51974696684.0,
    54416488997.0
  ],
  "risk_score": 96.71,
  "risk_label": "Critical",
  "level_component": 36.71,
  "trend_component": 30.0,
  "forecast_component": 30.0
}