{
  "country": "Spain",
  "order": [
    1,
    1,
    1
  ],
  "aic": 9244.4268334788,
  "bic": 9255.222099355795,
  "mae": 2857646.7683524825,
  "rmse": 6497288.206300884,
  "trend_pct_10y_avg": 1.9088,
  "forecast_years": [
    2021,
    2022,
    2023,
    2024,
    2025,
    2026,
    2027,
    2028,
    2029,
    2030
  ],
  "forecast_values": [
    15050316457.09,
    15247295228.5,
    15444269210.37,
    15641238402.8,
    15838202805.91,
    16035162419.83,
    16232117244.65,
    16429067280.51,
    16626012527.51,
    16822952985.78
  ],
  "conf_int_lower": [
    15037325850.95,
    15214542063.62,
    15386865401.83,
    15555103909.52,
    15719764209.26,
    15881201789.44,
    16039683724.36,
    16195420119.33,
    16348581843.47,
    16499311389.38
  ],
  "conf_int_upper": [
    15063307063.22,
    15280048393.38,
    15501673018.91,
    15727372896.08,
    15956641402.57,
    16189123050.21,
    16424550764.94,
    16662714441.69,
    16903443211.56,
    17146594582.18
  ],
  "historical_years": [
    1750,
    1751,
    1752,
    1753,
    1754,
    1755,
    1756,
    1757,
    1758,
    1759,
    1760,
    1761,
    1762,
    1763,
    1764,
    1765,
    1766,
    1767,
    1768,
    1769,
    1770,
    1771,
    1772,
    1773,
    1774,
    1775,
    1776,
    1777,
    1778,
    1779,
    1780,
    1781,
    1782,
    1783,
    1784,
    1785,
    1786,
    1787,
    1788,
    1789,
    1790,
    1791,
    1792,
    1793,
    1794,
    1795,
    1796,
    1797,
    1798,
    1799,
    1800,
    1801,
    1802,
    1803,
    1804,
    1805,
    1806,
    1807,
    1808,
    1809,
    1810,
    1811,
    1812,
    1813,
    1814,
    1815,
    1816,
    1817,
    1818,
    1819,
    1820,
    1821,
    1822,
    1823,
    1824,
    1825,
    1826,
    1827,
    1828,
    1829,
    1830,
    1831,
    1832,
    1833,
    1834,
    1835,
    1836,
    1837,
    1838,
    1839,
    1840,
    1841,
    1842,
    1843,
    1844,
    1845,
    1846,
    1847,
    1848,
    1849,
    1850,
    1851,
    1852,
    1853,
    1854,
    1855,
    1856,
    1857,
    1858,
    1859,
    1860,
    1861,
    1862,
    1863,
    1864,
    1865,
    1866,
    1867,
    1868,
    1869,
    1870,
    1871,
    1872,
    1873,
    1874,
    1875,
    1876,
    1877,
    1878,
    1879,
    1880,
    1881,
    1882,
    1883,
    1884,
    1885,
    1886,
    1887,
    1888,
    1889,
    1890,
    1891,
    1892,
    1893,
    1894,
    1895,
    1896,
    1897,
    1898,
    1899,
    1900,
    1901,
    1902,
    1903,
    1904,
    1905,
    1906,
    1907,
    1908,
    1909,
    1910,
    1911,
    1912,
    1913,
    1914,
    1915,
    1916,
    1917,
    1918,
    1919,
    1920,
    1921,
    1922,
    1923,
    1924,
    1925,
    1926,
    1927,
    1928,
    1929,
    1930,
    1931,
    1932,
    1933,
    1934,
    1935,
    1936,
    1937,
    1938,
    1939,
    1940,
    1941,
    1942,
    1943,
    1944,
    1945,
    1946,
    1947,
    1948,
    1949,
    1950,
    1951,
    1952,
    1953,
    1954,
    1955,
    1956,
    1957,
    1958,
    1959,
    1960,
    1961,
    1962,
    1963,
    1964,
    1965,
    1966,
    1967,
    1968,
    1969,
    1970,
    1971,
    1972,
    1973,
    1974,
    1975,
    1976,
    1977,
    1978,
    1979,
    1980,
    1981,
    1982,
    1983,
    1984,
    1985,
    1986,
    1987,
    1988,
    1989,
    1990,
    1991,
    1992,
    1993,
    1994,
    1995,
    1996,
    1997,
    1998,
    1999,
    2000,
    2001,
    2002,
    2003,
    2004,
    2005,
    2006,
    2007,
    2008,
    2009,
    2010,
    2011,
    2012,
    2013,
    2014,
    2015,
    2016,
    2017,
    2018,
    2019,
    2020
  ],
  "historical_values": [
    0.0,
    0.0,
    0.0,
    0.0,
    0.0,
    0.0,
    0.0,
    0.0,
    0.0,
    0.0,
    0.0,
    0.0,
    0.0,
    0.0,
    0.0,
    0.0,
    0.0,
    0.0,
    0.0,
    0.0,
    0.0,
    0.0,
    0.0,
    0.0,
    0.0,
    0.0,
    0.0,
    0.0,
    0.0,
    0.0,
    0.0,
    0.0,
    0.0,
    0.0,
    0.0,
    0.0,
    0.0,
    0.0,
    0.0,
    0.0,
    0.0,
    0.0,
    0.0,
    0.0,
    0.0,
    0.0,
    0.0,
    0.0,
    0.0,
    0.0,
    0.0,
    0.0,
    0.0,
    0.0,
    0.0,
    0.0,
    0.0,
    0.0,
    0.0,
    0.0,
    0.0,
    0.0,
    0.0,
    0.0,
    0.0,
    0.0,
    0.0,
    0.0,
    0.0,
    0.0,
    0.0,
    0.0,
    0.0,
    0.0,
    0.0,
    0.0,
    0.0,
    0.0,
    0.0,
    0.0,
    3664.0,
    7328.0,
    10992.0,
    14656.0,
    18320.0,
    21984.0,
    43968.0,
    80608.0,
    106256.0,
    153888.0,
    190528.0,
    293120.0,
    436016.0,
    608224.0,
    809744.0,
    1084544.0,
    1366672.0,
    1626816.0,
    1919936.0,
    2246032.0,
    2740672.0,
    3249968.0,
    3784912.0,
    4437104.0,
    4986704.0,
    5539968.0,
    6294752.0,
    7144800.0,
    8295296.0,
    9925776.0,
    11856704.0,
    13860912.0,
    16048320.0,
    18481216.0,
    20815184.0,
    23119840.0,
    25409840.0,
    27967312.0,
    30627376.0,
    33265456.0,
    36339552.0,
    39278080.0,
    42539040.0,
    45675424.0,
    48793488.0,
    52083760.0,
    55652496.0,
    59433744.0,
    63189344.0,
    67161120.0,
    71576240.0,
    76507984.0,
    81890400.0,
    87793104.0,
    93662832.0,
    99422640.0,
    105515872.0,
    111656736.0,
    118090720.0,
    124913088.0,
    132252080.0,
    140191968.0,
    148490928.0,
    156610352.0,
    165345328.0,
    173948400.0,
    183251296.0,
    192796016.0,
    202168528.0,
    212794128.0,
    224013296.0,
    235818704.0,
    248155392.0,
    260330864.0,
    273323408.0,
    286894864.0,
    300755776.0,
    314851184.0,
    329635424.0,
    344800720.0,
    359694880.0,
    374424160.0,
    390406528.0,
    407825184.0,
    425126592.0,
    440438448.0,
    458304112.0,
    474154576.0,
    490888064.0,
    506815472.0,
    520870576.0,
    535717104.0,
    550658896.0,
    567872368.0,
    586261984.0,
    605314784.0,
    623693408.0,
    645138800.0,
    666647568.0,
    690617414.0,
    714253778.0,
    736784445.0,
    757960264.0,
    776666636.0,
    796912067.0,
    819366919.0,
    827421619.0,
    832666922.0,
    845887891.0,
    861601637.0,
    883220265.0,
    904728646.0,
    927786870.0,
    951636310.0,
    977427076.0,
    1005694378.0,
    1033781253.0,
    1064953067.0,
    1097666831.0,
    1133422043.0,
    1166457465.0,
    1199572604.0,
    1237175252.0,
    1276106743.0,
    1315831093.0,
    1356102934.0,
    1398436003.0,
    1448649355.0,
    1504522161.0,
    1556601092.0,
    1605466666.0,
    1659073522.0,
    1719049372.0,
    1777792275.0,
    1842116083.0,
    1913136533.0,
    1990753547.0,
    2077147523.0,
    2174164759.0,
    2270901702.0,
    2387668187.0,
    2516126741.0,
    2660843002.0,
    2815800338.0,
    2988466031.0,
    3169519652.0,
    3367265600.0,
    3562094691.0,
    3761608568.0,
    3964355116.0,
    4178267023.0,
    4384363226.0,
    4592961760.0,
    4796396907.0,
    4994064107.0,
    5193995502.0,
    5383108166.0,
    5572616216.0,
    5770074111.0,
    5994959525.0,
    6226153686.0,
    6467085941.0,
    6716917298.0,
    6958126285.0,
    7211814318.0,
    7479272606.0,
    7734155801.0,
    8001575896.0,
    8277640658.0,
    8577180923.0,
    8888565509.0,
    9201909460.0,
    9535356512.0,
    9873057366.0,
    10227669213.0,
    10597350513.0,
    10958053115.0,
    11326599135.0,
    11663366600.0,
    11960751675.0,
    12244624388.0,
    12529353918.0,
    12808317845.0,
    13061043968.0,
    13316111870.0,
    13587806073.0,
    13848564029.0,
    14123205992.0,
    14392919429.0,
    14644417928.0,
    14853332896.0
  ],
  "risk_score": 76.23,
  "risk_label": "Critical",
  "level_component": 34.78,
  "trend_component": 11.45,
  "forecast_component": 30.0
}