{
  "country": "Belgium",
  "order": [
    1,
    1,
    1
  ],
  "aic": 9126.928168307528,
  "bic": 9137.723434184523,
  "mae": 2837768.024160341,
  "rmse": 5229075.702051536,
  "trend_pct_10y_avg": 0.8173,
  "forecast_years": [
    2021,
    2022,
    2023,
    2024,
    2025,
    2026,
    2027,
    2028,
    2029,
    2030
  ],
  "forecast_values": [
    12625172633.49,
    12707126390.52,
    12789003712.45,
    12870804670.57,
    12952529336.1,
    13034177780.19,
    13115750073.93,
    13197246288.35,
    13278666494.39,
    13360010762.96
  ],
  "conf_int_lower": [
    12614827721.33,
    12683040941.63,
    12748031133.37,
    12810292702.62,
    12870146249.37,
    12927820461.86,
    12983488976.47,
    13037289449.9,
    13089334515.12,
    13139718575.27
  ],
  "conf_int_upper": [
    12635517545.65,
    12731211839.41,
    12829976291.54,
    12931316638.52,
    13034912422.83,
    13140535098.52,
    13248011171.39,
    13357203126.8,
    13467998473.67,
    13580302950.66
  ],
  "historical_years": [
    1750,
    1751,
    1752,
    1753,
    1754,
    1755,
    1756,
    1757,
    1758,
    1759,
    1760,
    1761,
    1762,
    1763,
    1764,
    1765,
    1766,
    1767,
    1768,
    1769,
    1770,
    1771,
    1772,
    1773,
    1774,
    1775,
    1776,
    1777,
    1778,
    1779,
    1780,
    1781,
    1782,
    1783,
    1784,
    1785,
    1786,
    1787,
    1788,
    1789,
    1790,
    1791,
    1792,
    1793,
    1794,
    1795,
    1796,
    1797,
    1798,
    1799,
    1800,
    1801,
    1802,
    1803,
    1804,
    1805,
    1806,
    1807,
    1808,
    1809,
    1810,
    1811,
    1812,
    1813,
    1814,
    1815,
    1816,
    1817,
    1818,
    1819,
    1820,
    1821,
    1822,
    1823,
    1824,
    1825,
    1826,
    1827,
    1828,
    1829,
    1830,
    1831,
    1832,
    1833,
    1834,
    1835,
    1836,
    1837,
    1838,
    1839,
    1840,
    1841,
    1842,
    1843,
    1844,
    1845,
    1846,
    1847,
    1848,
    1849,
    1850,
    1851,
    1852,
    1853,
    1854,
    1855,
    1856,
    1857,
    1858,
    1859,
    1860,
    1861,
    1862,
    1863,
    1864,
    1865,
    1866,
    1867,
    1868,
    1869,
    1870,
    1871,
    1872,
    1873,
    1874,
    1875,
    1876,
    1877,
    1878,
    1879,
    1880,
    1881,
    1882,
    1883,
    1884,
    1885,
    1886,
    1887,
    1888,
    1889,
    1890,
    1891,
    1892,
    1893,
    1894,
    1895,
    1896,
    1897,
    1898,
    1899,
    1900,
    1901,
    1902,
    1903,
    1904,
    1905,
    1906,
    1907,
    1908,
    1909,
    1910,
    1911,
    1912,
    1913,
    1914,
    1915,
    1916,
    1917,
    1918,
    1919,
    1920,
    1921,
    1922,
    1923,
    1924,
    1925,
    1926,
    1927,
    1928,
    1929,
    1930,
    1931,
    1932,
    1933,
    1934,
    1935,
    1936,
    1937,
    1938,
    1939,
    1940,
    1941,
    1942,
    1943,
    1944,
    1945,
    1946,
    1947,
    1948,
    1949,
    1950,
    1951,
    1952,
    1953,
    1954,
    1955,
    1956,
    1957,
    1958,
    1959,
    1960,
    1961,
    1962,
    1963,
    1964,
    1965,
    1966,
    1967,
    1968,
    1969,
    1970,
    1971,
    1972,
    1973,
    1974,
    1975,
    1976,
    1977,
    1978,
    1979,
    1980,
    1981,
    1982,
    1983,
    1984,
    1985,
    1986,
    1987,
    1988,
    1989,
    1990,
    1991,
    1992,
    1993,
    1994,
    1995,
    1996,
    1997,
    1998,
    1999,
    2000,
    2001,
    2002,
    2003,
    2004,
    2005,
    2006,
    2007,
    2008,
    2009,
    2010,
    2011,
    2012,
    2013,
    2014,
    2015,
    2016,
    2017,
    2018,
    2019,
    2020
  ],
  "historical_values": [
    0.0,
    0.0,
    0.0,
    0.0,
    0.0,
    0.0,
    0.0,
    0.0,
    0.0,
    0.0,
    0.0,
    0.0,
    0.0,
    0.0,
    0.0,
    0.0,
    0.0,
    0.0,
    0.0,
    0.0,
    0.0,
    0.0,
    0.0,
    0.0,
    0.0,
    0.0,
    0.0,
    0.0,
    0.0,
    0.0,
    0.0,
    0.0,
    0.0,
    0.0,
    0.0,
    0.0,
    0.0,
    0.0,
    0.0,
    0.0,
    0.0,
    0.0,
    0.0,
    0.0,
    0.0,
    0.0,
    0.0,
    0.0,
    0.0,
    0.0,
    0.0,
    0.0,
    6397344.0,
    6397344.0,
    6397344.0,
    6397344.0,
    6397344.0,
    6397344.0,
    6397344.0,
    6397344.0,
    6397344.0,
    6397344.0,
    6397344.0,
    6397344.0,
    6397344.0,
    6397344.0,
    6397344.0,
    6397344.0,
    6397344.0,
    6397344.0,
    6397344.0,
    6397344.0,
    6397344.0,
    6397344.0,
    6397344.0,
    6397344.0,
    6397344.0,
    6397344.0,
    6397344.0,
    6397344.0,
    12593168.0,
    17055920.0,
    21771488.0,
    26336832.0,
    30744624.0,
    35504160.0,
    41102752.0,
    47100720.0,
    53223264.0,
    59932048.0,
    67659424.0,
    75049712.0,
    82729456.0,
    89841280.0,
    97641936.0,
    105860288.0,
    114826096.0,
    124143648.0,
    132427952.0,
    141162928.0,
    150495136.0,
    160662736.0,
    172072432.0,
    183859520.0,
    196918016.0,
    210295280.0,
    223507664.0,
    237262320.0,
    251713136.0,
    266610960.0,
    281823888.0,
    298282576.0,
    314627680.0,
    331855808.0,
    349937648.0,
    368997776.0,
    389527168.0,
    411760320.0,
    431861024.0,
    453511600.0,
    478258256.0,
    501975328.0,
    527564704.0,
    555671248.0,
    581586720.0,
    608517120.0,
    634835632.0,
    659886400.0,
    687124576.0,
    714857392.0,
    745283248.0,
    775914288.0,
    808351680.0,
    842734656.0,
    876604672.0,
    909686928.0,
    941790896.0,
    975759840.0,
    1011813600.0,
    1048647792.0,
    1088471808.0,
    1126251312.0,
    1163979520.0,
    1200055264.0,
    1239886608.0,
    1280018400.0,
    1322297296.0,
    1366041792.0,
    1411127312.0,
    1458253680.0,
    1507919200.0,
    1554627872.0,
    1603483648.0,
    1656113344.0,
    1706464032.0,
    1756730448.0,
    1814225936.0,
    1872549488.0,
    1930396720.0,
    1988159680.0,
    2049447408.0,
    2111134512.0,
    2175910368.0,
    2243925200.0,
    2284500336.0,
    2318919952.0,
    2364712624.0,
    2400960576.0,
    2434684032.0,
    2479553376.0,
    2534707568.0,
    2585241456.0,
    2641150432.0,
    2713034448.0,
    2789289616.0,
    2867329152.0,
    2945013280.0,
    3035488432.0,
    3123734561.0,
    3220689187.0,
    3314361671.0,
    3398484484.0,
    3466197697.0,
    3538854270.0,
    3613812043.0,
    3685452678.0,
    3760456241.0,
    3850754359.0,
    3929873434.0,
    4003582803.0,
    4065686741.0,
    4130870409.0,
    4191947238.0,
    4249799926.0,
    4282938370.0,
    4321693547.0,
    4378104182.0,
    4460134257.0,
    4545191548.0,
    4625963594.0,
    4702164076.0,
    4791613858.0,
    4875077823.0,
    4957451500.0,
    5043186075.0,
    5135203133.0,
    5231983509.0,
    5328470586.0,
    5416155687.0,
    5504465787.0,
    5595373870.0,
    5688072164.0,
    5786090468.0,
    5891766858.0,
    5995320850.0,
    6100651644.0,
    6205748389.0,
    6313109396.0,
    6431546972.0,
    6555038729.0,
    6680529187.0,
    6801899692.0,
    6932537365.0,
    7071176518.0,
    7206126615.0,
    7327949642.0,
    7457627240.0,
    7583826568.0,
    7719276844.0,
    7859063357.0,
    7993899148.0,
    8117472771.0,
    8234574679.0,
    8335776521.0,
    8440743061.0,
    8544747553.0,
    8647114312.0,
    8749703025.0,
    8849445845.0,
    8956237931.0,
    9076545842.0,
    9199924260.0,
    9322429144.0,
    9443867924.0,
    9568675680.0,
    9694617398.0,
    9824097401.0,
    9948080882.0,
    10078289911.0,
    10202990572.0,
    10329710813.0,
    10455776246.0,
    10582640774.0,
    10710891113.0,
    10839671881.0,
    10965312682.0,
    11089196670.0,
    11209676215.0,
    11329857461.0,
    11437569228.0,
    11552112925.0,
    11657138603.0,
    11759524523.0,
    11862176978.0,
    11959044670.0,
    12060100184.0,
    12159972322.0,
    12259420457.0,
