{
  "country": "United Kingdom",
  "order": [
    1,
    1,
    1
  ],
  "aic": 9949.996757079105,
  "bic": 9960.7920229561,
  "mae": 12476919.334612146,
  "rmse": 24008144.954785578,
  "trend_pct_10y_avg": 0.5393,
  "forecast_years": [
    2021,
    2022,
    2023,
    2024,
    2025,
    2026,
    2027,
    2028,
    2029,
    2030
  ],
  "forecast_values": [
    78508351613.95,
    78855543481.3,
    79202721238.61,
    79549884886.47,
    79897034425.44,
    80244169856.1,
    80591291179.03,
    80938398394.78,
    81285491503.95,
    81632570507.1
  ],
  "conf_int_lower": [
    78460723549.97,
    78764850439.48,
    79062661264.2,
    79354463967.16,
    79640736102.84,
    79921895048.75,
    80198287924.2,
    80470204314.7,
    80737888911.3,
    81001551341.69
  ],
  "conf_int_upper": [
    78555979677.94,
    78946236523.12,
    79342781213.03,
    79745305805.79,
    80153332748.05,
    80566444663.46,
    80984294433.86,
    81406592474.87,
    81833094096.6,
    82263589672.51
  ],
  "historical_years": [
    1750,
    1751,
    1752,
    1753,
    1754,
    1755,
    1756,
    1757,
    1758,
    1759,
    1760,
    1761,
    1762,
    1763,
    1764,
    1765,
    1766,
    1767,
    1768,
    1769,
    1770,
    1771,
    1772,
    1773,
    1774,
    1775,
    1776,
    1777,
    1778,
    1779,
    1780,
    1781,
    1782,
    1783,
    1784,
    1785,
    1786,
    1787,
    1788,
    1789,
    1790,
    1791,
    1792,
    1793,
    1794,
    1795,
    1796,
    1797,
    1798,
    1799,
    1800,
    1801,
    1802,
    1803,
    1804,
    1805,
    1806,
    1807,
    1808,
    1809,
    1810,
    1811,
    1812,
    1813,
    1814,
    1815,
    1816,
    1817,
    1818,
    1819,
    1820,
    1821,
    1822,
    1823,
    1824,
    1825,
    1826,
    1827,
    1828,
    1829,
    1830,
    1831,
    1832,
    1833,
    1834,
    1835,
    1836,
    1837,
    1838,
    1839,
    1840,
    1841,
    1842,
    1843,
    1844,
    1845,
    1846,
    1847,
    1848,
    1849,
    1850,
    1851,
    1852,
    1853,
    1854,
    1855,
    1856,
    1857,
    1858,
    1859,
    1860,
    1861,
    1862,
    1863,
    1864,
    1865,
    1866,
    1867,
    1868,
    1869,
    1870,
    1871,
    1872,
    1873,
    1874,
    1875,
    1876,
    1877,
    1878,
    1879,
    1880,
    1881,
    1882,
    1883,
    1884,
    1885,
    1886,
    1887,
    1888,
    1889,
    1890,
    1891,
    1892,
    1893,
    1894,
    1895,
    1896,
    1897,
    1898,
    1899,
    1900,
    1901,
    1902,
    1903,
    1904,
    1905,
    1906,
    1907,
    1908,
    1909,
    1910,
    1911,
    1912,
    1913,
    1914,
    1915,
    1916,
    1917,
    1918,
    1919,
    1920,
    1921,
    1922,
    1923,
    1924,
    1925,
    1926,
    1927,
    1928,
    1929,
    1930,
    1931,
    1932,
    1933,
    1934,
    1935,
    1936,
    1937,
    1938,
    1939,
    1940,
    1941,
    1942,
    1943,
    1944,
    1945,
    1946,
    1947,
    1948,
    1949,
    1950,
    1951,
    1952,
    1953,
    1954,
    1955,
    1956,
    1957,
    1958,
    1959,
    1960,
    1961,
    1962,
    1963,
    1964,
    1965,
    1966,
    1967,
    1968,
    1969,
    1970,
    1971,
    1972,
    1973,
    1974,
    1975,
    1976,
    1977,
    1978,
    1979,
    1980,
    1981,
    1982,
    1983,
    1984,
    1985,
    1986,
    1987,
    1988,
    1989,
    1990,
    1991,
    1992,
    1993,
    1994,
    1995,
    1996,
    1997,
    1998,
    1999,
    2000,
    2001,
    2002,
    2003,
    2004,
    2005,
    2006,
    2007,
    2008,
    2009,
    2010,
    2011,
    2012,
    2013,
    2014,
    2015,
    2016,
    2017,
    2018,
    2019,
    2020
  ],
  "historical_values": [
    9350528.0,
    18701056.0,
    28055248.0,
    37409440.0,
    46767296.0,
    56128816.0,
    66135200.0,
    76145248.0,
    86158960.0,
    96176336.0,
    106193712.0,
    117167392.0,
    128144736.0,
    139125744.0,
    150110416.0,
    161098752.0,
    173358496.0,
    185621904.0,
    197888976.0,
    210159712.0,
    222434112.0,
    236045872.0,
    249661296.0,
    263280384.0,
    276903136.0,
    290529552.0,
    305566608.0,
    320607328.0,
    335651712.0,
    350699760.0,
    365755136.0,
    382598544.0,
    399445616.0,
    416300016.0,
    433158080.0,
    450023472.0,
    469171536.0,
    488326928.0,
    507485984.0,
    526652368.0,
    545826080.0,
    567242160.0,
    588665568.0,
    610096304.0,
    631530704.0,
    652972432.0,
    675385120.0,
    698926320.0,
    723442144.0,
    749240368.0,
    775873984.0,
    802584544.0,
    829434336.0,
    859625696.0,
    889956288.0,
    921419056.0,
    954669856.0,
    987927984.0,
    1021197104.0,
    1054477216.0,
    1087768320.0,
    1123331104.0,
    1160267888.0,
    1197644352.0,
    1235731632.0,
    1274654304.0,
    1316090480.0,
    1358013968.0,
    1400036384.0,
    1442373904.0,
    1484901952.0,
    1527774416.0,
    1572295680.0,
    1619169232.0,
    1668252176.0,
    1717844416.0,
    1767989920.0,
    1820220240.0,
    1872809632.0,
    1926146480.0,
    1994011088.0,
    2059776224.0,
    2125365488.0,
    2190859488.0,
    2256397456.0,
    2321660624.0,
    2398106320.0,
    2471877296.0,
    2547689120.0,
    2625468512.0,
    2706428256.0,
    2788267360.0,
    2873638560.0,
    2962732384.0,
    3056204688.0,
    3156191584.0,
    3251884272.0,
    3355432576.0,
    3464718704.0,
    3580724608.0,
    3703329376.0,
    3819983808.0,
    3936224208.0,
    4051823408.0,
    4191125024.0,
    4321567088.0,
    4461942256.0,
    4599803920.0,
    4734917584.0,
    4884929072.0,
    5052879504.0,
    5227927104.0,
    5397398096.0,
    5577622928.0,
    5771532800.0,
    5977020912.0,
    6188752480.0,
    6406126608.0,
    6619345760.0,
    6843051280.0,
    7071545648.0,
    7313582160.0,
    7568570912.0,
    7833228960.0,
    8090416112.0,
    8361903856.0,
    8632922608.0,
    8908821808.0,
    9179796592.0,
    9452442160.0,
    9749566912.0,
    10061878944.0,
    10376843712.0,
    10704573856.0,
    11023671616.0,
    11338962480.0,
    11651391760.0,
    11971834208.0,
    12305001728.0,
    12650025952.0,
    13003048688.0,
    13363520336.0,
    13716528416.0,
    14032738944.0,
    14394841072.0,
    14760391024.0,
    15136372384.0,
    15522341808.0,
    15909219904.0,
    16323772192.0,
    16743512704.0,
    17154214128.0,
    17580853952.0,
    18010839008.0,
    18442831936.0,
    18880504064.0,
    19333854448.0,
    19807422784.0,
    20269387232.0,
    20735473680.0,
    21205205808.0,
    21686556480.0,
    22142442352.0,
    22640764672.0,
    23123947344.0,
    23613428432.0,
    24120500384.0,
    24621669632.0,
    25088518192.0,
    25544649552.0,
    26015400272.0,
    26335205184.0,
    26763427856.0,
    27218320784.0,
    27694303696.0,
    28143960768.0,
    28390331792.0,
    28857066768.0,
    29294706470.0,
    29755380254.0,
    30196453906.0,
    30608666357.0,
    31004566068.0,
    31396720577.0,
    31819924217.0,
    32249031105.0,
    32702827074.0,
    33170957838.0,
    33619897827.0,
    34072354195.0,
    34547498051.0,
    35017149553.0,
    35486049460.0,
    35940869803.0,
    36382894362.0,
    36800518761.0,
    37236646981.0,
    37697915995.0,
    38173479211.0,
    38658587929.0,
    39159380032.0,
    39704632843.0,
    40233338951.0,
    40773549691.0,
    41326559387.0,
    41903511034.0,
    42477834583.0,
    43048548727.0,
    43604864569.0,
    44151470701.0,
    44735490719.0,
    45324105520.0,
    45917037019.0,
    46520422682.0,
    47128288671.0,
    47750400292.0,
    48368474958.0,
    48960531985.0,
    49567020289.0,
    50195402836.0,
    50847980231.0,
    51508368448.0,
    52156394760.0,
    52815971855.0,
    53433155476.0,
    54036402524.0,
    54634928516.0,
    55239290247.0,
    55844003754.0,
    56488516517.0,
    57067551932.0,
    57628106409.0,
