{
  "country": "Australia",
  "order": [
    1,
    1,
    1
  ],
  "aic": 8993.721780039152,
  "bic": 9004.517045916147,
  "mae": 1936777.6794069072,
  "rmse": 4065113.2064389614,
  "trend_pct_10y_avg": 2.4528,
  "forecast_years": [
    2021,
    2022,
    2023,
    2024,
    2025,
    2026,
    2027,
    2028,
    2029,
    2030
  ],
  "forecast_values": [
    19021784733.7,
    19407819217.96,
    19793853222.77,
    20179886748.14,
    20565919794.07,
    20951952360.55,
    21337984447.59,
    21724016055.19,
    22110047183.34,
    22496077832.06
  ],
  "conf_int_lower": [
    19014338077.88,
    19389378520.73,
    19761737354.71,
    20131853737.52,
    20500004010.97,
    20866382522.75,
    21231135504.75,
    21594378118.7,
    21956204093.71,
    22316691639.74
  ],
  "conf_int_upper": [
    19029231389.53,
    19426259915.19,
    19825969090.83,
    20227919758.76,
    20631835577.17,
    21037522198.34,
    21444833390.43,
    21853653991.67,
    22263890272.98,
    22675464024.38
  ],
  "historical_years": [
    1750,
    1751,
    1752,
    1753,
    1754,
    1755,
    1756,
    1757,
    1758,
    1759,
    1760,
    1761,
    1762,
    1763,
    1764,
    1765,
    1766,
    1767,
    1768,
    1769,
    1770,
    1771,
    1772,
    1773,
    1774,
    1775,
    1776,
    1777,
    1778,
    1779,
    1780,
    1781,
    1782,
    1783,
    1784,
    1785,
    1786,
    1787,
    1788,
    1789,
    1790,
    1791,
    1792,
    1793,
    1794,
    1795,
    1796,
    1797,
    1798,
    1799,
    1800,
    1801,
    1802,
    1803,
    1804,
    1805,
    1806,
    1807,
    1808,
    1809,
    1810,
    1811,
    1812,
    1813,
    1814,
    1815,
    1816,
    1817,
    1818,
    1819,
    1820,
    1821,
    1822,
    1823,
    1824,
    1825,
    1826,
    1827,
    1828,
    1829,
    1830,
    1831,
    1832,
    1833,
    1834,
    1835,
    1836,
    1837,
    1838,
    1839,
    1840,
    1841,
    1842,
    1843,
    1844,
    1845,
    1846,
    1847,
    1848,
    1849,
    1850,
    1851,
    1852,
    1853,
    1854,
    1855,
    1856,
    1857,
    1858,
    1859,
    1860,
    1861,
    1862,
    1863,
    1864,
    1865,
    1866,
    1867,
    1868,
    1869,
    1870,
    1871,
    1872,
    1873,
    1874,
    1875,
    1876,
    1877,
    1878,
    1879,
    1880,
    1881,
    1882,
    1883,
    1884,
    1885,
    1886,
    1887,
    1888,
    1889,
    1890,
    1891,
    1892,
    1893,
    1894,
    1895,
    1896,
    1897,
    1898,
    1899,
    1900,
    1901,
    1902,
    1903,
    1904,
    1905,
    1906,
    1907,
    1908,
    1909,
    1910,
    1911,
    1912,
    1913,
    1914,
    1915,
    1916,
    1917,
    1918,
    1919,
    1920,
    1921,
    1922,
    1923,
    1924,
    1925,
    1926,
    1927,
    1928,
    1929,
    1930,
    1931,
    1932,
    1933,
    1934,
    1935,
    1936,
    1937,
    1938,
    1939,
    1940,
    1941,
    1942,
    1943,
    1944,
    1945,
    1946,
    1947,
    1948,
    1949,
    1950,
    1951,
    1952,
    1953,
    1954,
    1955,
    1956,
    1957,
    1958,
    1959,
    1960,
    1961,
    1962,
    1963,
    1964,
    1965,
    1966,
    1967,
    1968,
    1969,
    1970,
    1971,
    1972,
    1973,
    1974,
    1975,
    1976,
    1977,
    1978,
    1979,
    1980,
    1981,
    1982,
    1983,
    1984,
    1985,
    1986,
    1987,
    1988,
    1989,
    1990,
    1991,
    1992,
    1993,
    1994,
    1995,
    1996,
    1997,
    1998,
    1999,
    2000,
    2001,
    2002,
    2003,
    2004,
    2005,
    2006,
    2007,
    2008,
    2009,
    2010,
    2011,
    2012,
    2013,
    2014,
    2015,
    2016,
    2017,
    2018,
    2019,
    2020
  ],
  "historical_values": [
    0.0,
    0.0,
    0.0,
    0.0,
    0.0,
    0.0,
    0.0,
    0.0,
    0.0,
    0.0,
    0.0,
    0.0,
    0.0,
    0.0,
    0.0,
    0.0,
    0.0,
    0.0,
    0.0,
    0.0,
    0.0,
    0.0,
    0.0,
    0.0,
    0.0,
    0.0,
    0.0,
    0.0,
    0.0,
    0.0,
    0.0,
    0.0,
    0.0,
    0.0,
    0.0,
    0.0,
    0.0,
    0.0,
    0.0,
    0.0,
    0.0,
    0.0,
    0.0,
    0.0,
    0.0,
    0.0,
    0.0,
    0.0,
    0.0,
    0.0,
    0.0,
    0.0,
    0.0,
    0.0,
    0.0,
    0.0,
    0.0,
    0.0,
    0.0,
    0.0,
    0.0,
    0.0,
    0.0,
    0.0,
    0.0,
    0.0,
    0.0,
    0.0,
    0.0,
    0.0,
    0.0,
    0.0,
    0.0,
    0.0,
    0.0,
    0.0,
    0.0,
    0.0,
    0.0,
    0.0,
    0.0,
    0.0,
    0.0,
    0.0,
    0.0,
    0.0,
    0.0,
    0.0,
    0.0,
    0.0,
    0.0,
    0.0,
    0.0,
    0.0,
    0.0,
    0.0,
    0.0,
    0.0,
    0.0,
    0.0,
    0.0,
    0.0,
    0.0,
    0.0,
    0.0,
    0.0,
    0.0,
    0.0,
    0.0,
    0.0,
    278464.0,
    787760.0,
    1143168.0,
    1542544.0,
    1810016.0,
    2231376.0,
    2927536.0,
    3821552.0,
    4554352.0,
    5195552.0,
    5796448.0,
    6488944.0,
    7196096.0,
    8064464.0,
    8954816.0,
    9782880.0,
    10713536.0,
    11779760.0,
    12747056.0,
    14201664.0,
    16407392.0,
    18173440.0,
    20184976.0,
    22610544.0,
    25182672.0,
    28088224.0,
    30975456.0,
    34009248.0,
    37537680.0,
    40963520.0,
    44510272.0,
    48518688.0,
    52670000.0,
    56634448.0,
    60994608.0,
    65585600.0,
    70088656.0,
    75064368.0,
    80677616.0,
    86463072.0,
    96630672.0,
    108069680.0,
    119464720.0,
    130683888.0,
    142229152.0,
    154276384.0,
    168635600.0,
    184112336.0,
    200867808.0,
    215421216.0,
    232858192.0,
    252097856.0,
    272883728.0,
    295274432.0,
    319753616.0,
    341547088.0,
    360819728.0,
    381579952.0,
    404520256.0,
    426258768.0,
    451991040.0,
    475143856.0,
    499487472.0,
    524336720.0,
    551406352.0,
    579641136.0,
    607494864.0,
    636389168.0,
    662675278.0,
    686327150.0,
    708355929.0,
    727901764.0,
    748243282.0,
    769822935.0,
    792519721.0,
    817747767.0,
    844796434.0,
    873651127.0,
    901686599.0,
    933828107.0,
    962866119.0,
    997411182.0,
    1033913326.0,
    1068902922.0,
    1103111907.0,
    1135806590.0,
    1171227170.0,
    1209241209.0,
    1247661417.0,
    1285308342.0,
    1340046995.0,
    1399076371.0,
    1459277722.0,
    1518712345.0,
    1586550907.0,
    1657225078.0,
    1730254607.0,
    1804770977.0,
    1882379228.0,
    1966087385.0,
    2054206285.0,
    2144710181.0,
    2239533636.0,
    2340467900.0,
    2449343667.0,
    2570196336.0,
    2690415638.0,
    2819559850.0,
    2954056750.0,
    3096180552.0,
    3243660321.0,
    3396290407.0,
    3553627110.0,
    3724456354.0,
    3896648185.0,
    4072365055.0,
    4246443316.0,
    4434052310.0,
    4635877178.0,
    4840752293.0,
    5061289622.0,
    5291430024.0,
    5525326762.0,
    5750119161.0,
    5986489334.0,
    6227487680.0,
    6467221032.0,
    6723082968.0,
    6983975284.0,
    7261476279.0,
    7540841121.0,
    7822712669.0,
    8109044822.0,
    8400369500.0,
    8700453761.0,
    9008476348.0,
    9324808571.0,
    9651918125.0,
    9990615204.0,
    10337214071.0,
    10689033670.0,
    11049488324.0,
    11416601222.0,
    11789834269.0,
    12176600542.0,
    12564202134.0,
    12961496845.0,
    13363422384.0,
    13773075431.0,
    14174396760.0,
    14578929980.0,
    14984273863.0,
    15386939707.0,
    15780110326.0,
    16179364072.0,
    16582643483.0,
    16998588655.0,
    17413339852.0,
    17829341009.0,
    18243857842.0,
    18635749770.0
  ],
  "risk_score": 79.83,
  "risk_label": "Critical",
  "level_component": 35.12,
  "trend_component": 14.72,
  "forecast_component": 30.0
}