{
  "country": "China",
  "order": [
    1,
    1,
    1
  ],
  "aic": 11097.72012109973,
  "bic": 11108.515386976725,
  "mae": 53686122.22061023,
  "rmse": 199487343.08461368,
  "trend_pct_10y_avg": 5.5636,
  "forecast_years": [
    2021,
    2022,
    2023,
    2024,
    2025,
    2026,
    2027,
    2028,
    2029,
    2030
  ],
  "forecast_values": [
    246977622978.02,
    257955231345.41,
    268932825102.21,
    279910404248.43,
    290887968784.09,
    301865518709.2,
    312843054023.8,
    323820574727.89,
    334798080821.51,
    345775572304.66
  ],
  "conf_int_lower": [
    246618746446.99,
    257104323534.86,
    267474637046.68,
    277747962779.38,
    287935999834.31,
    298047041494.56,
    308087357698.82,
    318061902227.71,
    327974716434.39,
    337829178594.63
  ],
  "conf_int_upper": [
    247336499509.04,
    258806139155.97,
    270391013157.74,
    282072845717.48,
    293839937733.86,
    305683995923.85,
    317598750348.78,
    329579247228.08,
    341621445208.62,
    353721966014.68
  ],
  "historical_years": [
    1750,
    1751,
    1752,
    1753,
    1754,
    1755,
    1756,
    1757,
    1758,
    1759,
    1760,
    1761,
    1762,
    1763,
    1764,
    1765,
    1766,
    1767,
    1768,
    1769,
    1770,
    1771,
    1772,
    1773,
    1774,
    1775,
    1776,
    1777,
    1778,
    1779,
    1780,
    1781,
    1782,
    1783,
    1784,
    1785,
    1786,
    1787,
    1788,
    1789,
    1790,
    1791,
    1792,
    1793,
    1794,
    1795,
    1796,
    1797,
    1798,
    1799,
    1800,
    1801,
    1802,
    1803,
    1804,
    1805,
    1806,
    1807,
    1808,
    1809,
    1810,
    1811,
    1812,
    1813,
    1814,
    1815,
    1816,
    1817,
    1818,
    1819,
    1820,
    1821,
    1822,
    1823,
    1824,
    1825,
    1826,
    1827,
    1828,
    1829,
    1830,
    1831,
    1832,
    1833,
    1834,
    1835,
    1836,
    1837,
    1838,
    1839,
    1840,
    1841,
    1842,
    1843,
    1844,
    1845,
    1846,
    1847,
    1848,
    1849,
    1850,
    1851,
    1852,
    1853,
    1854,
    1855,
    1856,
    1857,
    1858,
    1859,
    1860,
    1861,
    1862,
    1863,
    1864,
    1865,
    1866,
    1867,
    1868,
    1869,
    1870,
    1871,
    1872,
    1873,
    1874,
    1875,
    1876,
    1877,
    1878,
    1879,
    1880,
    1881,
    1882,
    1883,
    1884,
    1885,
    1886,
    1887,
    1888,
    1889,
    1890,
    1891,
    1892,
    1893,
    1894,
    1895,
    1896,
    1897,
    1898,
    1899,
    1900,
    1901,
    1902,
    1903,
    1904,
    1905,
    1906,
    1907,
    1908,
    1909,
    1910,
    1911,
    1912,
    1913,
    1914,
    1915,
    1916,
    1917,
    1918,
    1919,
    1920,
    1921,
    1922,
    1923,
    1924,
    1925,
    1926,
    1927,
    1928,
    1929,
    1930,
    1931,
    1932,
    1933,
    1934,
    1935,
    1936,
    1937,
    1938,
    1939,
    1940,
    1941,
    1942,
    1943,
    1944,
    1945,
    1946,
    1947,
    1948,
    1949,
    1950,
    1951,
    1952,
    1953,
    1954,
    1955,
    1956,
    1957,
    1958,
    1959,
    1960,
    1961,
    1962,
    1963,
    1964,
    1965,
    1966,
    1967,
    1968,
    1969,
    1970,
    1971,
    1972,
    1973,
    1974,
    1975,
    1976,
    1977,
    1978,
    1979,
    1980,
    1981,
    1982,
    1983,
    1984,
    1985,
    1986,
    1987,
    1988,
    1989,
    1990,
    1991,
    1992,
    1993,
    1994,
    1995,
    1996,
    1997,
    1998,
    1999,
    2000,
    2001,
    2002,
    2003,
    2004,
    2005,
    2006,
    2007,
    2008,
    2009,
    2010,
    2011,
    2012,
    2013,
    2014,
    2015,
    2016,
    2017,
    2018,
    2019,
    2020
  ],
  "historical_values": [
    0.0,
    0.0,
    0.0,
    0.0,
    0.0,
    0.0,
    0.0,
    0.0,
    0.0,
    0.0,
    0.0,
    0.0,
    0.0,
    0.0,
    0.0,
    0.0,
    0.0,
    0.0,
    0.0,
    0.0,
    0.0,
    0.0,
    0.0,
    0.0,
    0.0,
    0.0,
    0.0,
    0.0,
    0.0,
    0.0,
    0.0,
    0.0,
    0.0,
    0.0,
    0.0,
    0.0,
    0.0,
    0.0,
    0.0,
    0.0,
    0.0,
    0.0,
    0.0,
    0.0,
    0.0,
    0.0,
    0.0,
    0.0,
    0.0,
    0.0,
    0.0,
    0.0,
    0.0,
    0.0,
    0.0,
    0.0,
    0.0,
    0.0,
    0.0,
    0.0,
    0.0,
    0.0,
    0.0,
    0.0,
    0.0,
    0.0,
    0.0,
    0.0,
    0.0,
    0.0,
    0.0,
    0.0,
    0.0,
    0.0,
    0.0,
    0.0,
    0.0,
    0.0,
    0.0,
    0.0,
    0.0,
    0.0,
    0.0,
    0.0,
    0.0,
    0.0,
    0.0,
    0.0,
    0.0,
    0.0,
    0.0,
    0.0,
    0.0,
    0.0,
    0.0,
    0.0,
    0.0,
    0.0,
    0.0,
    0.0,
    0.0,
    0.0,
    0.0,
    0.0,
    0.0,
    0.0,
    0.0,
    0.0,
    0.0,
    0.0,
    0.0,
    0.0,
    0.0,
    0.0,
    0.0,
    0.0,
    0.0,
    0.0,
    0.0,
    0.0,
    0.0,
    0.0,
    0.0,
    0.0,
    0.0,
    0.0,
    0.0,
    0.0,
    0.0,
    0.0,
    0.0,
    0.0,
    0.0,
    0.0,
    0.0,
    0.0,
    0.0,
    0.0,
    0.0,
    0.0,
    0.0,
    0.0,
    0.0,
    0.0,
    0.0,
    0.0,
    0.0,
    0.0,
    0.0,
    95264.0,
    95264.0,
    95264.0,
    190528.0,
    2154432.0,
    4242912.0,
    6540240.0,
    23651120.0,
    40490864.0,
    63222320.0,
    84059488.0,
    102808176.0,
    130654576.0,
    140441120.0,
    151198624.0,
    166305296.0,
    182393920.0,
    200358512.0,
    220210064.0,
    241252416.0,
    265508096.0,
    292277280.0,
    317566208.0,
    344199824.0,
    376351424.0,
    411445216.0,
    444666704.0,
    474257168.0,
    507782768.0,
    541890427.0,
    577694602.0,
    615602517.0,
    655843235.0,
    694427783.0,
    736622062.0,
    785876220.0,
    843472829.0,
    908427996.0,
    968918595.0,
    1024221200.0,
    1091334597.0,
    1177381219.0,
    1284898788.0,
    1398639420.0,
    1495818126.0,
    1593586994.0,
    1643934061.0,
    1675193066.0,
    1708746555.0,
    1732582897.0,
    1791943281.0,
    1870778568.0,
    1972893781.0,
    2100893107.0,
    2234675990.0,
    2395553400.0,
    2586074861.0,
    2801898845.0,
    3057683807.0,
    3582300866.0,
    4302452423.0,
    5101252344.0,
    5671882531.0,
    6131500605.0,
    6588280054.0,
    7048917148.0,
    7549203512.0,
    8098662830.0,
    8558888725.0,
    9054395291.0,
    9662078657.0,
    10470031284.0,
    11379240984.0,
    12347886580.0,
    13356179156.0,
    14384279023.0,
    15567493979.0,
    16793915256.0,
    18134746371.0,
    19627524216.0,
    21153185364.0,
    22647681248.0,
    24124169102.0,
    25730754115.0,
    27424970926.0,
    29269798938.0,
    31267881842.0,
    33372095196.0,
    35629833735.0,
    38055727288.0,
    40519381655.0,
    43004236475.0,
    45610332657.0,
    48341120244.0,
    51262771200.0,
    54362773245.0,
    57720682133.0,
    61223915836.0,
    64734085122.0,
    68094540555.0,
    71444880684.0,
    74884032894.0,
    78398966689.0,
    82271561986.0,
    86816575872.0,
    92040330528.0,
    97916885868.0,
    104000000000.0,
    111000000000.0,
    119000000000.0,
    127000000000.0,
    135000000000.0,
    145000000000.0,
    155000000000.0,
    165000000000.0,
    175000000000.0,
    184000000000.0,
    194000000000.0,
    204000000000.0,
    214000000000.0,
    225000000000.0,
    236000000000.0
  ],
  "risk_score": 98.89,
  "risk_label": "Critical",
  "level_component": 38.89,
  "trend_component": 30.0,
  "forecast_component": 30.0
}