{
  "country": "Germany",
  "order": [
    1,
    1,
    1
  ],
  "aic": 10244.963703543795,
  "bic": 10255.75896942079,
  "mae": 17974074.43508789,
  "rmse": 41458417.61293747,
  "trend_pct_10y_avg": 0.8677,
  "forecast_years": [
    2021,
    2022,
    2023,
    2024,
    2025,
    2026,
    2027,
    2028,
    2029,
    2030
  ],
  "forecast_values": [
    93279899541.4,
    93923964765.53,
    94567810843.97,
    95211437851.29,
    95854845862.03,
    96498034950.71,
    97141005191.82,
    97783756659.81,
    98426289429.13,
    99068603574.19
  ],
  "conf_int_lower": [
    93197882394.78,
    93740805446.57,
    94261518692.59,
    94763253595.68,
    95248186051.89,
    95717888606.14,
    96173562920.11,
    96616165093.31,
    97046479101.17,
    97465162874.89
  ],
  "conf_int_upper": [
    93361916688.03,
    94107124084.48,
    94874102995.35,
    95659622106.9,
    96461505672.18,
    97278181295.29,
    98108447463.52,
    98951348226.31,
    99806099757.09,
    100672044273.48
  ],
  "historical_years": [
    1750,
    1751,
    1752,
    1753,
    1754,
    1755,
    1756,
    1757,
    1758,
    1759,
    1760,
    1761,
    1762,
    1763,
    1764,
    1765,
    1766,
    1767,
    1768,
    1769,
    1770,
    1771,
    1772,
    1773,
    1774,
    1775,
    1776,
    1777,
    1778,
    1779,
    1780,
    1781,
    1782,
    1783,
    1784,
    1785,
    1786,
    1787,
    1788,
    1789,
    1790,
    1791,
    1792,
    1793,
    1794,
    1795,
    1796,
    1797,
    1798,
    1799,
    1800,
    1801,
    1802,
    1803,
    1804,
    1805,
    1806,
    1807,
    1808,
    1809,
    1810,
    1811,
    1812,
    1813,
    1814,
    1815,
    1816,
    1817,
    1818,
    1819,
    1820,
    1821,
    1822,
    1823,
    1824,
    1825,
    1826,
    1827,
    1828,
    1829,
    1830,
    1831,
    1832,
    1833,
    1834,
    1835,
    1836,
    1837,
    1838,
    1839,
    1840,
    1841,
    1842,
    1843,
    1844,
    1845,
    1846,
    1847,
    1848,
    1849,
    1850,
    1851,
    1852,
    1853,
    1854,
    1855,
    1856,
    1857,
    1858,
    1859,
    1860,
    1861,
    1862,
    1863,
    1864,
    1865,
    1866,
    1867,
    1868,
    1869,
    1870,
    1871,
    1872,
    1873,
    1874,
    1875,
    1876,
    1877,
    1878,
    1879,
    1880,
    1881,
    1882,
    1883,
    1884,
    1885,
    1886,
    1887,
    1888,
    1889,
    1890,
    1891,
    1892,
    1893,
    1894,
    1895,
    1896,
    1897,
    1898,
    1899,
    1900,
    1901,
    1902,
    1903,
    1904,
    1905,
    1906,
    1907,
    1908,
    1909,
    1910,
    1911,
    1912,
    1913,
    1914,
    1915,
    1916,
    1917,
    1918,
    1919,
    1920,
    1921,
    1922,
    1923,
    1924,
    1925,
    1926,
    1927,
    1928,
    1929,
    1930,
    1931,
    1932,
    1933,
    1934,
    1935,
    1936,
    1937,
    1938,
    1939,
    1940,
    1941,
    1942,
    1943,
    1944,
    1945,
    1946,
    1947,
    1948,
    1949,
    1950,
    1951,
    1952,
    1953,
    1954,
    1955,
    1956,
    1957,
    1958,
    1959,
    1960,
    1961,
    1962,
    1963,
    1964,
    1965,
    1966,
    1967,
    1968,
    1969,
    1970,
    1971,
    1972,
    1973,
    1974,
    1975,
    1976,
    1977,
    1978,
    1979,
    1980,
    1981,
    1982,
    1983,
    1984,
    1985,
    1986,
    1987,
    1988,
    1989,
    1990,
    1991,
    1992,
    1993,
    1994,
    1995,
    1996,
    1997,
    1998,
    1999,
    2000,
    2001,
    2002,
    2003,
    2004,
    2005,
    2006,
    2007,
    2008,
    2009,
    2010,
    2011,
    2012,
    2013,
    2014,
    2015,
    2016,
    2017,
    2018,
    2019,
    2020
  ],
  "historical_values": [
    0.0,
    0.0,
    0.0,
    0.0,
    0.0,
    0.0,
    0.0,
    0.0,
    0.0,
    0.0,
    0.0,
    0.0,
    0.0,
    0.0,
    0.0,
    0.0,
    0.0,
    0.0,
    0.0,
    0.0,
    0.0,
    0.0,
    0.0,
    0.0,
    0.0,
    0.0,
    0.0,
    0.0,
    0.0,
    0.0,
    0.0,
    0.0,
    0.0,
    0.0,
    0.0,
    0.0,
    0.0,
    0.0,
    0.0,
    0.0,
    0.0,
    0.0,
    468992.0,
    948976.0,
    1392320.0,
    1839328.0,
    2374272.0,
    2923872.0,
    3499120.0,
    4125664.0,
    4920752.0,
    5455696.0,
    6008960.0,
    6543904.0,
    7551504.0,
    8592080.0,
    9530064.0,
    12219440.0,
    13117120.0,
    14047776.0,
    15026064.0,
    15953056.0,
    16865392.0,
    17755744.0,
    18638768.0,
    19668352.0,
    22053616.0,
    25435488.0,
    28967584.0,
    32243200.0,
    35625072.0,
    39157168.0,
    42788192.0,
    46822256.0,
    50053904.0,
    54392080.0,
    58580032.0,
    63119728.0,
    67659424.0,
    71290448.0,
    76082960.0,
    80673952.0,
    84121776.0,
    88500256.0,
    92911712.0,
    97843456.0,
    103035344.0,
    108985680.0,
    115617520.0,
    122637744.0,
    131812400.0,
    141360784.0,
    152242864.0,
    162542368.0,
    173424448.0,
    186035936.0,
    199222672.0,
    213061600.0,
    225889264.0,
    239512016.0,
    254651664.0,
    271520720.0,
    290694432.0,
    311454656.0,
    335820256.0,
    364436096.0,
    395360256.0,
    428299616.0,
    463910032.0,
    497717760.0,
    534112272.0,
    575442192.0,
    620982048.0,
    670365440.0,
    727007216.0,
    790475024.0,
    853382240.0,
    922536576.0,
    996904784.0,
    1074497312.0,
    1151137200.0,
    1236486416.0,
    1328595712.0,
    1426963120.0,
    1498557680.0,
    1600076128.0,
    1703514512.0,
    1804816784.0,
    1909361696.0,
    2020208688.0,
    2144711408.0,
    2278975024.0,
    2422640464.0,
    2575733376.0,
    2733259728.0,
    2894442752.0,
    3057476096.0,
    3227866752.0,
    3414214128.0,
    3613063072.0,
    3821295520.0,
    4042135792.0,
    4257124656.0,
    4477836688.0,
    4707334992.0,
    4945619568.0,
    5201879728.0,
    5475433968.0,
    5760811936.0,
    6064095872.0,
    6390855056.0,
    6716412448.0,
    7035601808.0,
    7379200736.0,
    7735323216.0,
    8117646960.0,
    8479584208.0,
    8921766720.0,
    9368408320.0,
    9813980032.0,
    10259346560.0,
    10717932800.0,
    11217053872.0,
    11752137104.0,
    12250063712.0,
    12712969808.0,
    13213666400.0,
    13738244944.0,
    14241667552.0,
    14629095248.0,
    15058303536.0,
    15531483488.0,
    15986944336.0,
    16318873424.0,
    16770666608.0,
    17228732560.0,
    17641969472.0,
    18123155263.0,
    18628166187.0,
    19167400921.0,
    19629492682.0,
    20015457583.0,
    20362943329.0,
    20727924119.0,
    21136543889.0,
    21588876721.0,
    22088511137.0,
    22652023708.0,
    23253296331.0,
    23901921818.0,
    24556246819.0,
    25217040007.0,
    25884939439.0,
    26564369585.0,
    27164642705.0,
    27280707233.0,
    27552389671.0,
    27870049714.0,
    28247866087.0,
    28680014131.0,
    29190695961.0,
    29767561502.0,
    30378542082.0,
    31002034059.0,
    31661765986.0,
    32385264404.0,
    33151455224.0,
    33929362893.0,
    34685742065.0,
    35441536646.0,
    36255486856.0,
    37090326479.0,
    37973495082.0,
    38918993068.0,
    39887910554.0,
    40848012792.0,
    41799434785.0,
    42735664203.0,
    43720455016.0,
    44772455848.0,
    45798478153.0,
    46835714935.0,
    47877195904.0,
    48962934284.0,
    50025661211.0,
    51028108197.0,
    52118948676.0,
    53171557253.0,
    54250689856.0,
    55368578213.0,
    56468644208.0,
    57517167565.0,
    58532901459.0,
    59544506364.0,
    60577750943.0,
    61621868898.0,
    62669340802.0,
    63701783644.0,
    64730807774.0,
    65739600116.0,
    66792076951.0,
    67806301472.0,
    68772194734.0,
    69728326850.0,
    70668141479.0,
    71607109887.0,
    72566261195.0,
    73497585396.0,
    74420942087.0,
    75316816421.0,
    76216668477.0,
    77133316999.0,
    78033288398.0,
    78934440301.0,
    79821529428.0,
    80688226652.0,
    81566547082.0,
