{
  "country": "Netherlands",
  "order": [
    1,
    1,
    1
  ],
  "aic": 9069.25761666366,
  "bic": 9080.052882540656,
  "mae": 2213849.583957961,
  "rmse": 4699590.127297225,
  "trend_pct_10y_avg": 1.4532,
  "forecast_years": [
    2021,
    2022,
    2023,
    2024,
    2025,
    2026,
    2027,
    2028,
    2029,
    2030
  ],
  "forecast_values": [
    11877231226.45,
    12014490645.05,
    12151749926.82,
    12289009071.76,
    12426268079.85,
    12563526951.1,
    12700785685.52,
    12838044283.1,
    12975302743.84,
    13112561067.75
  ],
  "conf_int_lower": [
    11867950774.47,
    11993279090.38,
    12115927841.52,
    12236304105.64,
    12354675371.52,
    12471233184.38,
    12586123164.88,
    12699460778.27,
    12811340460.19,
    12921841300.62
  ],
  "conf_int_upper": [
    11886511678.42,
    12035702199.73,
    12187572012.13,
    12341714037.87,
    12497860788.17,
    12655820717.83,
    12815448206.16,
    12976627787.94,
    13139265027.5,
    13303280834.88
  ],
  "historical_years": [
    1750,
    1751,
    1752,
    1753,
    1754,
    1755,
    1756,
    1757,
    1758,
    1759,
    1760,
    1761,
    1762,
    1763,
    1764,
    1765,
    1766,
    1767,
    1768,
    1769,
    1770,
    1771,
    1772,
    1773,
    1774,
    1775,
    1776,
    1777,
    1778,
    1779,
    1780,
    1781,
    1782,
    1783,
    1784,
    1785,
    1786,
    1787,
    1788,
    1789,
    1790,
    1791,
    1792,
    1793,
    1794,
    1795,
    1796,
    1797,
    1798,
    1799,
    1800,
    1801,
    1802,
    1803,
    1804,
    1805,
    1806,
    1807,
    1808,
    1809,
    1810,
    1811,
    1812,
    1813,
    1814,
    1815,
    1816,
    1817,
    1818,
    1819,
    1820,
    1821,
    1822,
    1823,
    1824,
    1825,
    1826,
    1827,
    1828,
    1829,
    1830,
    1831,
    1832,
    1833,
    1834,
    1835,
    1836,
    1837,
    1838,
    1839,
    1840,
    1841,
    1842,
    1843,
    1844,
    1845,
    1846,
    1847,
    1848,
    1849,
    1850,
    1851,
    1852,
    1853,
    1854,
    1855,
    1856,
    1857,
    1858,
    1859,
    1860,
    1861,
    1862,
    1863,
    1864,
    1865,
    1866,
    1867,
    1868,
    1869,
    1870,
    1871,
    1872,
    1873,
    1874,
    1875,
    1876,
    1877,
    1878,
    1879,
    1880,
    1881,
    1882,
    1883,
    1884,
    1885,
    1886,
    1887,
    1888,
    1889,
    1890,
    1891,
    1892,
    1893,
    1894,
    1895,
    1896,
    1897,
    1898,
    1899,
    1900,
    1901,
    1902,
    1903,
    1904,
    1905,
    1906,
    1907,
    1908,
    1909,
    1910,
    1911,
    1912,
    1913,
    1914,
    1915,
    1916,
    1917,
    1918,
    1919,
    1920,
    1921,
    1922,
    1923,
    1924,
    1925,
    1926,
    1927,
    1928,
    1929,
    1930,
    1931,
    1932,
    1933,
    1934,
    1935,
    1936,
    1937,
    1938,
    1939,
    1940,
    1941,
    1942,
    1943,
    1944,
    1945,
    1946,
    1947,
    1948,
    1949,
    1950,
    1951,
    1952,
    1953,
    1954,
    1955,
    1956,
    1957,
    1958,
    1959,
    1960,
    1961,
    1962,
    1963,
    1964,
    1965,
    1966,
    1967,
    1968,
    1969,
    1970,
    1971,
    1972,
    1973,
    1974,
    1975,
    1976,
    1977,
    1978,
    1979,
    1980,
    1981,
    1982,
    1983,
    1984,
    1985,
    1986,
    1987,
    1988,
    1989,
    1990,
    1991,
    1992,
    1993,
    1994,
    1995,
    1996,
    1997,
    1998,
    1999,
    2000,
    2001,
    2002,
    2003,
    2004,
    2005,
    2006,
    2007,
    2008,
    2009,
    2010,
    2011,
    2012,
    2013,
    2014,
    2015,
    2016,
    2017,
    2018,
    2019,
    2020
  ],
  "historical_values": [
    0.0,
    0.0,
    0.0,
    0.0,
    0.0,
    0.0,
    0.0,
    0.0,
    0.0,
    0.0,
    0.0,
    0.0,
    0.0,
    0.0,
    0.0,
    0.0,
    0.0,
    0.0,
    0.0,
    0.0,
    0.0,
    0.0,
    0.0,
    0.0,
    0.0,
    0.0,
    0.0,
    0.0,
    0.0,
    0.0,
    0.0,
    0.0,
    0.0,
    0.0,
    0.0,
    0.0,
    0.0,
    0.0,
    0.0,
    0.0,
    0.0,
    0.0,
    0.0,
    0.0,
    0.0,
    0.0,
    0.0,
    0.0,
    0.0,
    0.0,
    0.0,
    0.0,
    0.0,
    0.0,
    0.0,
    0.0,
    0.0,
    0.0,
    0.0,
    0.0,
    0.0,
    0.0,
    0.0,
    0.0,
    0.0,
    0.0,
    0.0,
    0.0,
    0.0,
    0.0,
    0.0,
    0.0,
    0.0,
    0.0,
    0.0,
    0.0,
    0.0,
    0.0,
    0.0,
    0.0,
    0.0,
    0.0,
    0.0,
    0.0,
    0.0,
    0.0,
    0.0,
    0.0,
    0.0,
    0.0,
    0.0,
    0.0,
    0.0,
    0.0,
    0.0,
    0.0,
    2868912.0,
    6738096.0,
    10387440.0,
    13718016.0,
    16854400.0,
    19972464.0,
    23735392.0,
    27905024.0,
    33851696.0,
    38501312.0,
    43224208.0,
    47441472.0,
    51149440.0,
    54674208.0,
    59470384.0,
    63874512.0,
    69546384.0,
    73631744.0,
    77035600.0,
    80882800.0,
    85100064.0,
    89141456.0,
    93380704.0,
    97751856.0,
    102694592.0,
    107673968.0,
    113005088.0,
    118145680.0,
    122886896.0,
    128305952.0,
    134516432.0,
    140825840.0,
    147512640.0,
    154723392.0,
    162696256.0,
    170724080.0,
    178854496.0,
    187864272.0,
    196881376.0,
    206301520.0,
    215919520.0,
    225706064.0,
    236566160.0,
    247177104.0,
    257461952.0,
    269369952.0,
    280691712.0,
    292152704.0,
    303771248.0,
    315397120.0,
    327891360.0,
    340993824.0,
    353927744.0,
    367206080.0,
    381840096.0,
    396151680.0,
    410452272.0,
    425749472.0,
    441915040.0,
    458509296.0,
    476565488.0,
    495141968.0,
    514062864.0,
    533980368.0,
    554813872.0,
    576893136.0,
    601815664.0,
    629365280.0,
    655189152.0,
    679723296.0,
    702121328.0,
    710775696.0,
    725303456.0,
    747283792.0,
    769454656.0,
    792688080.0,
    819959232.0,
    847157104.0,
    877751504.0,
    911343056.0,
    945671072.0,
    983637440.0,
    1021644112.0,
    1062910882.0,
    1103690311.0,
    1148646789.0,
    1190063605.0,
    1228633077.0,
    1267261024.0,
    1304526112.0,
    1344418110.0,
    1388417303.0,
    1431723941.0,
    1472425118.0,
    1505862782.0,
    1542988222.0,
    1577582224.0,
    1612509680.0,
    1635844834.0,
    1650496249.0,
    1681598311.0,
    1726201737.0,
    1773464960.0,
    1823963643.0,
    1875249908.0,
    1930218077.0,
    1984932955.0,
    2040197254.0,
    2098590164.0,
    2159576651.0,
    2224655202.0,
    2289062973.0,
    2355753238.0,
    2422871240.0,
    2496308840.0,
    2572127624.0,
    2655409530.0,
    2746554112.0,
    2843330717.0,
    2943734296.0,
    3047291806.0,
    3153973965.0,
    3267419512.0,
    3383221575.0,
    3525024877.0,
    3665691018.0,
    3823186385.0,
    3988446232.0,
    4148431376.0,
    4300956808.0,
    4470087624.0,
    4633693279.0,
    4803486331.0,
    4990493373.0,
    5167125149.0,
    5331234946.0,
    5464722073.0,
    5602079404.0,
    5746152261.0,
    5893132262.0,
    6037146644.0,
    6188627001.0,
    6334229743.0,
    6495893979.0,
    6657700896.0,
    6827928218.0,
    6997943410.0,
    7168149461.0,
    7338937332.0,
    7511237702.0,
    7692690566.0,
    7867184563.0,
    8042647515.0,
    8212584179.0,
    8383669196.0,
    8559879812.0,
    8735451133.0,
    8914460559.0,
    9095356886.0,
    9272279336.0,
    9444377611.0,
    9616258690.0,
    9791120657.0,
    9960659256.0,
    10142196842.0,
    10310468154.0,
    10475168593.0,
    10639853164.0,
    10797516381.0,
    10961716270.0,
    11126641517.0,
    11289251581.0,
    11448271615.0,
    11601871597.0,
    11739971671.0
  ],
  "risk_score": 73.15,
  "risk_label": "Critical",
  "level_component": 34.43,
  "trend_component": 8.72,
  "forecast_component": 30.0
}