{
  "country": "Canada",
  "order": [
    1,
    1,
    1
  ],
  "aic": 9379.601781238438,
  "bic": 9390.397047115433,
  "mae": 4374172.655144688,
  "rmse": 8347133.840493751,
  "trend_pct_10y_avg": 1.8527,
  "forecast_years": [
    2021,
    2022,
    2023,
    2024,
    2025,
    2026,
    2027,
    2028,
    2029,
    2030
  ],
  "forecast_values": [
    34102679647.53,
    34628609472.16,
    35154532803.98,
    35680449643.07,
    36206359989.5,
    36732263843.36,
    37258161204.73,
    37784052073.69,
    38309936450.32,
    38835814334.7
  ],
  "conf_int_lower": [
    34086530407.31,
    34589422903.24,
    35086789662.93,
    35579523070.52,
    36068188300.34,
    36553184135.99,
    37034811248.48,
    37513306762.26,
    37988863874.02,
    38461643923.03
  ],
  "conf_int_upper": [
    34118828887.74,
    34667796041.08,
    35222275945.02,
    35781376215.61,
    36344531678.66,
    36911343550.73,
    37481511160.99,
    38054797385.13,
    38631009026.63,
    39209984746.37
  ],
  "historical_years": [
    1750,
    1751,
    1752,
    1753,
    1754,
    1755,
    1756,
    1757,
    1758,
    1759,
    1760,
    1761,
    1762,
    1763,
    1764,
    1765,
    1766,
    1767,
    1768,
    1769,
    1770,
    1771,
    1772,
    1773,
    1774,
    1775,
    1776,
    1777,
    1778,
    1779,
    1780,
    1781,
    1782,
    1783,
    1784,
    1785,
    1786,
    1787,
    1788,
    1789,
    1790,
    1791,
    1792,
    1793,
    1794,
    1795,
    1796,
    1797,
    1798,
    1799,
    1800,
    1801,
    1802,
    1803,
    1804,
    1805,
    1806,
    1807,
    1808,
    1809,
    1810,
    1811,
    1812,
    1813,
    1814,
    1815,
    1816,
    1817,
    1818,
    1819,
    1820,
    1821,
    1822,
    1823,
    1824,
    1825,
    1826,
    1827,
    1828,
    1829,
    1830,
    1831,
    1832,
    1833,
    1834,
    1835,
    1836,
    1837,
    1838,
    1839,
    1840,
    1841,
    1842,
    1843,
    1844,
    1845,
    1846,
    1847,
    1848,
    1849,
    1850,
    1851,
    1852,
    1853,
    1854,
    1855,
    1856,
    1857,
    1858,
    1859,
    1860,
    1861,
    1862,
    1863,
    1864,
    1865,
    1866,
    1867,
    1868,
    1869,
    1870,
    1871,
    1872,
    1873,
    1874,
    1875,
    1876,
    1877,
    1878,
    1879,
    1880,
    1881,
    1882,
    1883,
    1884,
    1885,
    1886,
    1887,
    1888,
    1889,
    1890,
    1891,
    1892,
    1893,
    1894,
    1895,
    1896,
    1897,
    1898,
    1899,
    1900,
    1901,
    1902,
    1903,
    1904,
    1905,
    1906,
    1907,
    1908,
    1909,
    1910,
    1911,
    1912,
    1913,
    1914,
    1915,
    1916,
    1917,
    1918,
    1919,
    1920,
    1921,
    1922,
    1923,
    1924,
    1925,
    1926,
    1927,
    1928,
    1929,
    1930,
    1931,
    1932,
    1933,
    1934,
    1935,
    1936,
    1937,
    1938,
    1939,
    1940,
    1941,
    1942,
    1943,
    1944,
    1945,
    1946,
    1947,
    1948,
    1949,
    1950,
    1951,
    1952,
    1953,
    1954,
    1955,
    1956,
    1957,
    1958,
    1959,
    1960,
    1961,
    1962,
    1963,
    1964,
    1965,
    1966,
    1967,
    1968,
    1969,
    1970,
    1971,
    1972,
    1973,
    1974,
    1975,
    1976,
    1977,
    1978,
    1979,
    1980,
    1981,
    1982,
    1983,
    1984,
    1985,
    1986,
    1987,
    1988,
    1989,
    1990,
    1991,
    1992,
    1993,
    1994,
    1995,
    1996,
    1997,
    1998,
    1999,
    2000,
    2001,
    2002,
    2003,
    2004,
    2005,
    2006,
    2007,
    2008,
    2009,
    2010,
    2011,
    2012,
    2013,
    2014,
    2015,
    2016,
    2017,
    2018,
    2019,
    2020
  ],
  "historical_values": [
    0.0,
    0.0,
    0.0,
    0.0,
    0.0,
    0.0,
    0.0,
    0.0,
    0.0,
    0.0,
    0.0,
    0.0,
    0.0,
    0.0,
    0.0,
    0.0,
    0.0,
    0.0,
    0.0,
    0.0,
    0.0,
    0.0,
    0.0,
    0.0,
    0.0,
    0.0,
    0.0,
    0.0,
    0.0,
    0.0,
    0.0,
    0.0,
    0.0,
    0.0,
    0.0,
    3664.0,
    7328.0,
    10992.0,
    14656.0,
    18320.0,
    21984.0,
    25648.0,
    29312.0,
    32976.0,
    36640.0,
    40304.0,
    43968.0,
    47632.0,
    51296.0,
    54960.0,
    58624.0,
    62288.0,
    65952.0,
    69616.0,
    73280.0,
    76944.0,
    80608.0,
    84272.0,
    87936.0,
    91600.0,
    95264.0,
    98928.0,
    102592.0,
    106256.0,
    109920.0,
    113584.0,
    117248.0,
    120912.0,
    124576.0,
    128240.0,
    131904.0,
    135568.0,
    139232.0,
    142896.0,
    146560.0,
    150224.0,
    153888.0,
    157552.0,
    161216.0,
    164880.0,
    168544.0,
    172208.0,
    175872.0,
    179536.0,
    183200.0,
    186864.0,
    190528.0,
    194192.0,
    197856.0,
    201520.0,
    205184.0,
    208848.0,
    212512.0,
    216176.0,
    219840.0,
    223504.0,
    249152.0,
    282128.0,
    322432.0,
    370064.0,
    428688.0,
    498304.0,
    582576.0,
    685168.0,
    809744.0,
    959968.0,
    1139504.0,
    1355680.0,
    1619488.0,
    1934592.0,
    2315648.0,
    2773648.0,
    3334240.0,
    4037728.0,
    4880448.0,
    5899040.0,
    7141136.0,
    8734976.0,
    9680288.0,
    10365456.0,
    11589232.0,
    13369936.0,
    15216592.0,
    16825088.0,
    18448240.0,
    20324208.0,
    22181856.0,
    24204384.0,
    26138976.0,
    28322720.0,
    33554912.0,
    39146176.0,
    45763360.0,
    53193952.0,
    61793360.0,
    70037360.0,
    78834624.0,
    88983904.0,
    102295216.0,
    113587664.0,
    126001296.0,
    139942816.0,
    153833040.0,
    168686896.0,
    182866576.0,
    196397728.0,
    211046400.0,
    225845296.0,
    241552864.0,
    260722912.0,
    281351232.0,
    305196544.0,
    330844544.0,
    358804528.0,
    391901440.0,
    427288352.0,
    464675808.0,
    511666608.0,
    559075104.0,
    604461072.0,
    656083168.0,
    716352304.0,
    783623344.0,
    862904976.0,
    931286208.0,
    992401728.0,
    1068858416.0,
    1154101376.0,
    1243620224.0,
    1319710512.0,
    1404088768.0,
    1484572192.0,
    1553781488.0,
    1646762816.0,
    1724146496.0,
    1799394064.0,
    1884149712.0,
    1976149088.0,
    2069925730.0,
    2168955776.0,
    2263303527.0,
    2339152782.0,
    2409359378.0,
    2478841929.0,
    2558755204.0,
    2637550959.0,
    2723714067.0,
    2817197075.0,
    2902740611.0,
    2997744446.0,
    3106366210.0,
    3226518047.0,
    3357595457.0,
    3495657610.0,
    3636064812.0,
    3766585710.0,
    3905007865.0,
    4048555718.0,
    4207062286.0,
    4352084176.0,
    4506217928.0,
    4668895951.0,
    4828304705.0,
    4988912874.0,
    5151880540.0,
    5321353716.0,
    5511156140.0,
    5693967572.0,
    5876122762.0,
    6060604116.0,
    6253320291.0,
    6447320985.0,
    6654311756.0,
    6865222532.0,
    7102800265.0,
    7354717260.0,
    7613791631.0,
    7895428667.0,
    8198690007.0,
    8505809212.0,
    8846986426.0,
    9199273830.0,
    9580065515.0,
    9961338713.0,
    10350955628.0,
    10747742413.0,
    11146704675.0,
    11554495118.0,
    11970023770.0,
    12411700531.0,
    12854547405.0,
    13284177125.0,
    13698632050.0,
    14106970552.0,
    14532203882.0,
    14953922577.0,
    15358630527.0,
    15789612586.0,
    16245281697.0,
    16708166847.0,
    17166174255.0,
    17615873428.0,
    18079394465.0,
    18543387768.0,
    19021654839.0,
    19512606219.0,
    20019605839.0,
    20540884285.0,
    21069871389.0,
    21613601388.0,
    22180153682.0,
    22739195847.0,
    23303865021.0,
    23886208607.0,
    24466967376.0,
    25042819787.0,
    25614229550.0,
    26208894916.0,
    26788262055.0,
    27334872496.0,
    27893676503.0,
    28463546701.0,
    29032809432.0,
    29606508169.0,
    30177071586.0,
    30750132962.0,
    31309699924.0,
    31879060360.0,
    32458530732.0,
    33040920340.0,
    33576743330.0
  ],
  "risk_score": 77.11,