{
  "country": "Japan",
  "order": [
    1,
    1,
    1
  ],
  "aic": 9879.505070364099,
  "bic": 9890.300336241095,
  "mae": 9317683.817233076,
  "rmse": 21064732.171440303,
  "trend_pct_10y_avg": 2.0143,
  "forecast_years": [
    2021,
    2022,
    2023,
    2024,
    2025,
    2026,
    2027,
    2028,
    2029,
    2030
  ],
  "forecast_values": [
    66634350109.01,
    67643506659.97,
    68652636569.58,
    69661739838.53,
    70670816467.54,
    71679866457.31,
    72688889808.54,
    73697886521.93,
    74706856598.19,
    75715800038.02
  ],
  "conf_int_lower": [
    66592441793.31,
    67537617646.29,
    68466916593.51,
    69382961285.83,
    70287395537.29,
    71181372505.27,
    72065758398.81,
    72941234576.51,
    73808355107.02,
    74667582012.22
  ],
  "conf_int_upper": [
    66676258424.72,
    67749395673.66,
    68838356545.64,
    69940518391.24,
    71054237397.79,
    72178360409.35,
    73312021218.26,
    74454538467.34,
    75605358089.35,
    76764018063.81
  ],
  "historical_years": [
    1750,
    1751,
    1752,
    1753,
    1754,
    1755,
    1756,
    1757,
    1758,
    1759,
    1760,
    1761,
    1762,
    1763,
    1764,
    1765,
    1766,
    1767,
    1768,
    1769,
    1770,
    1771,
    1772,
    1773,
    1774,
    1775,
    1776,
    1777,
    1778,
    1779,
    1780,
    1781,
    1782,
    1783,
    1784,
    1785,
    1786,
    1787,
    1788,
    1789,
    1790,
    1791,
    1792,
    1793,
    1794,
    1795,
    1796,
    1797,
    1798,
    1799,
    1800,
    1801,
    1802,
    1803,
    1804,
    1805,
    1806,
    1807,
    1808,
    1809,
    1810,
    1811,
    1812,
    1813,
    1814,
    1815,
    1816,
    1817,
    1818,
    1819,
    1820,
    1821,
    1822,
    1823,
    1824,
    1825,
    1826,
    1827,
    1828,
    1829,
    1830,
    1831,
    1832,
    1833,
    1834,
    1835,
    1836,
    1837,
    1838,
    1839,
    1840,
    1841,
    1842,
    1843,
    1844,
    1845,
    1846,
    1847,
    1848,
    1849,
    1850,
    1851,
    1852,
    1853,
    1854,
    1855,
    1856,
    1857,
    1858,
    1859,
    1860,
    1861,
    1862,
    1863,
    1864,
    1865,
    1866,
    1867,
    1868,
    1869,
    1870,
    1871,
    1872,
    1873,
    1874,
    1875,
    1876,
    1877,
    1878,
    1879,
    1880,
    1881,
    1882,
    1883,
    1884,
    1885,
    1886,
    1887,
    1888,
    1889,
    1890,
    1891,
    1892,
    1893,
    1894,
    1895,
    1896,
    1897,
    1898,
    1899,
    1900,
    1901,
    1902,
    1903,
    1904,
    1905,
    1906,
    1907,
    1908,
    1909,
    1910,
    1911,
    1912,
    1913,
    1914,
    1915,
    1916,
    1917,
    1918,
    1919,
    1920,
    1921,
    1922,
    1923,
    1924,
    1925,
    1926,
    1927,
    1928,
    1929,
    1930,
    1931,
    1932,
    1933,
    1934,
    1935,
    1936,
    1937,
    1938,
    1939,
    1940,
    1941,
    1942,
    1943,
    1944,
    1945,
    1946,
    1947,
    1948,
    1949,
    1950,
    1951,
    1952,
    1953,
    1954,
    1955,
    1956,
    1957,
    1958,
    1959,
    1960,
    1961,
    1962,
    1963,
    1964,
    1965,
    1966,
    1967,
    1968,
    1969,
    1970,
    1971,
    1972,
    1973,
    1974,
    1975,
    1976,
    1977,
    1978,
    1979,
    1980,
    1981,
    1982,
    1983,
    1984,
    1985,
    1986,
    1987,
    1988,
    1989,
    1990,
    1991,
    1992,
    1993,
    1994,
    1995,
    1996,
    1997,
    1998,
    1999,
    2000,
    2001,
    2002,
    2003,
    2004,
    2005,
    2006,
    2007,
    2008,
    2009,
    2010,
    2011,
    2012,
    2013,
    2014,
    2015,
    2016,
    2017,
    2018,
    2019,
    2020
  ],
  "historical_values": [
    0.0,
    0.0,
    0.0,
    0.0,
    0.0,
    0.0,
    0.0,
    0.0,
    0.0,
    0.0,
    0.0,
    0.0,
    0.0,
    0.0,
    0.0,
    0.0,
    0.0,
    0.0,
    0.0,
    0.0,
    0.0,
    0.0,
    0.0,
    0.0,
    0.0,
    0.0,
    0.0,
    0.0,
    0.0,
    0.0,
    0.0,
    0.0,
    0.0,
    0.0,
    0.0,
    0.0,
    0.0,
    0.0,
    0.0,
    0.0,
    0.0,
    0.0,
    0.0,
    0.0,
    0.0,
    0.0,
    0.0,
    0.0,
    0.0,
    0.0,
    0.0,
    0.0,
    0.0,
    0.0,
    0.0,
    0.0,
    0.0,
    0.0,
    0.0,
    0.0,
    0.0,
    0.0,
    0.0,
    0.0,
    0.0,
    0.0,
    0.0,
    0.0,
    0.0,
    0.0,
    0.0,
    0.0,
    0.0,
    0.0,
    0.0,
    0.0,
    0.0,
    0.0,
    0.0,
    0.0,
    0.0,
    0.0,
    0.0,
    0.0,
    0.0,
    0.0,
    0.0,
    0.0,
    0.0,
    0.0,
    0.0,
    0.0,
    0.0,
    0.0,
    0.0,
    0.0,
    0.0,
    0.0,
    0.0,
    0.0,
    0.0,
    0.0,
    0.0,
    0.0,
    0.0,
    0.0,
    0.0,
    0.0,
    0.0,
    0.0,
    0.0,
    0.0,
    0.0,
    0.0,
    0.0,
    0.0,
    0.0,
    0.0,
    10992.0,
    29312.0,
    47632.0,
    73280.0,
    106256.0,
    146560.0,
    732800.0,
    2172752.0,
    3576064.0,
    4865792.0,
    6723440.0,
    9039088.0,
    11387712.0,
    13802288.0,
    16315792.0,
    19027152.0,
    21984000.0,
    25332896.0,
    28938272.0,
    33412016.0,
    38581920.0,
    44836368.0,
    51592784.0,
    59715872.0,
    67791328.0,
    76365088.0,
    87390064.0,
    99616832.0,
    112532432.0,
    126074576.0,
    143321024.0,
    160593120.0,
    180004992.0,
    203278720.0,
    228223232.0,
    254010464.0,
    283062320.0,
    312993536.0,
    345848624.0,
    380920432.0,
    418553376.0,
    456809200.0,
    496193536.0,
    540403360.0,
    589684160.0,
    643999296.0,
    702015072.0,
    754857280.0,
    813455632.0,
    880939184.0,
    952482448.0,
    1031676144.0,
    1105956416.0,
    1172765792.0,
    1244195472.0,
    1320102560.0,
    1399450144.0,
    1481461456.0,
    1564066336.0,
    1653548544.0,
    1745939112.0,
    1840819447.0,
    1926985236.0,
    2004889240.0,
    2082869742.0,
    2174212237.0,
    2275415060.0,
    2381797541.0,
    2498646615.0,
    2624077579.0,
    2755812703.0,
    2883559544.0,
    3036803824.0,
    3191408388.0,
    3339200221.0,
    3489837694.0,
    3628570407.0,
    3705205570.0,
    3757912130.0,
    3827944498.0,
    3916026868.0,
    4014446975.0,
    4116987961.0,
    4240445612.0,
    4370851584.0,
    4516621379.0,
    4659155464.0,
    4801030474.0,
    4961666231.0,
    5149732979.0,
    5330893858.0,
    5523513845.0,
    5756013486.0,
    6038800384.0,
    6331664814.0,
    6656500277.0,
    7015391371.0,
    7401862550.0,
    7821107667.0,
    8310415097.0,
    8872327652.0,
    9525543073.0,
    10293506183.0,
    11090050463.0,
    11942220679.0,
    12856485881.0,
    13770792087.0,
    14639302840.0,
    15546447385.0,
    16479685071.0,
    17381275154.0,
    18334346497.0,
    19279215063.0,
    20206050558.0,
    21103458349.0,
    21984367751.0,
    22921437643.0,
    23833838456.0,
    24746098389.0,
    25648628739.0,
    26634093013.0,
    27655774752.0,
    28813782159.0,
    29983474014.0,
    31162870078.0,
    32335209549.0,
    33562482561.0,
    34802102393.0,
    36053633246.0,
    37298414419.0,
    38503407901.0,
    39745019393.0,
    41009394035.0,
    42259160302.0,
    43538280443.0,
    44825748189.0,
    46108609790.0,
    47398980851.0,
    48666342725.0,
    49969476902.0,
    51201790632.0,
    52365003563.0,
    53579819796.0,
    54844685895.0,
    56150695737.0,
    57466038395.0,
    58729767154.0,
    59953163599.0,
    61156881479.0,
    62345004321.0,
    63488462197.0,
    64594391532.0,
    65625166916.0
  ],
  "risk_score": 79.07,
  "risk_label": "Critical",
  "level_component": 36.98,
  "trend_component": 12.09,
  "forecast_component": 30.0
}