{
  "country": "Poland",
  "order": [
    1,
    1,
    1
  ],
  "aic": 9717.976128447597,
  "bic": 9728.771394324593,
  "mae": 6337090.465886056,
  "rmse": 15623537.308060829,
  "trend_pct_10y_avg": 1.2246,
  "forecast_years": [
    2021,
    2022,
    2023,
    2024,
    2025,
    2026,
    2027,
    2028,
    2029,
    2030
  ],
  "forecast_values": [
    28165407155.75,
    28466937205.5,
    28768466352.24,
    29069994595.99,
    29371521936.74,
    29673048374.49,
    29974573909.25,
    30276098541.02,
    30577622269.81,
    30879145095.61
  ],
  "conf_int_lower": [
    28134511267.79,
    28400332857.75,
    28658807914.5,
    28910930877.87,
    29157406980.85,
    29398754741.04,
    29635373700.07,
    29867583277.82,
    30095646180.69,
    30319783319.66
  ],
  "conf_int_upper": [
    28196303043.72,
    28533541553.24,
    28878124789.99,
    29229058314.11,
    29585636892.62,
    29947342007.93,
    30313774118.44,
    30684613804.23,
    31059598358.92,
    31438506871.56
  ],
  "historical_years": [
    1750,
    1751,
    1752,
    1753,
    1754,
    1755,
    1756,
    1757,
    1758,
    1759,
    1760,
    1761,
    1762,
    1763,
    1764,
    1765,
    1766,
    1767,
    1768,
    1769,
    1770,
    1771,
    1772,
    1773,
    1774,
    1775,
    1776,
    1777,
    1778,
    1779,
    1780,
    1781,
    1782,
    1783,
    1784,
    1785,
    1786,
    1787,
    1788,
    1789,
    1790,
    1791,
    1792,
    1793,
    1794,
    1795,
    1796,
    1797,
    1798,
    1799,
    1800,
    1801,
    1802,
    1803,
    1804,
    1805,
    1806,
    1807,
    1808,
    1809,
    1810,
    1811,
    1812,
    1813,
    1814,
    1815,
    1816,
    1817,
    1818,
    1819,
    1820,
    1821,
    1822,
    1823,
    1824,
    1825,
    1826,
    1827,
    1828,
    1829,
    1830,
    1831,
    1832,
    1833,
    1834,
    1835,
    1836,
    1837,
    1838,
    1839,
    1840,
    1841,
    1842,
    1843,
    1844,
    1845,
    1846,
    1847,
    1848,
    1849,
    1850,
    1851,
    1852,
    1853,
    1854,
    1855,
    1856,
    1857,
    1858,
    1859,
    1860,
    1861,
    1862,
    1863,
    1864,
    1865,
    1866,
    1867,
    1868,
    1869,
    1870,
    1871,
    1872,
    1873,
    1874,
    1875,
    1876,
    1877,
    1878,
    1879,
    1880,
    1881,
    1882,
    1883,
    1884,
    1885,
    1886,
    1887,
    1888,
    1889,
    1890,
    1891,
    1892,
    1893,
    1894,
    1895,
    1896,
    1897,
    1898,
    1899,
    1900,
    1901,
    1902,
    1903,
    1904,
    1905,
    1906,
    1907,
    1908,
    1909,
    1910,
    1911,
    1912,
    1913,
    1914,
    1915,
    1916,
    1917,
    1918,
    1919,
    1920,
    1921,
    1922,
    1923,
    1924,
    1925,
    1926,
    1927,
    1928,
    1929,
    1930,
    1931,
    1932,
    1933,
    1934,
    1935,
    1936,
    1937,
    1938,
    1939,
    1940,
    1941,
    1942,
    1943,
    1944,
    1945,
    1946,
    1947,
    1948,
    1949,
    1950,
    1951,
    1952,
    1953,
    1954,
    1955,
    1956,
    1957,
    1958,
    1959,
    1960,
    1961,
    1962,
    1963,
    1964,
    1965,
    1966,
    1967,
    1968,
    1969,
    1970,
    1971,
    1972,
    1973,
    1974,
    1975,
    1976,
    1977,
    1978,
    1979,
    1980,
    1981,
    1982,
    1983,
    1984,
    1985,
    1986,
    1987,
    1988,
    1989,
    1990,
    1991,
    1992,
    1993,
    1994,
    1995,
    1996,
    1997,
    1998,
    1999,
    2000,
    2001,
    2002,
    2003,
    2004,
    2005,
    2006,
    2007,
    2008,
    2009,
    2010,
    2011,
    2012,
    2013,
    2014,
    2015,
    2016,
    2017,
    2018,
    2019,
    2020
  ],
  "historical_values": [
    0.0,
    0.0,
    0.0,
    0.0,
    0.0,
    0.0,
    0.0,
    0.0,
    0.0,
    0.0,
    0.0,
    0.0,
    0.0,
    0.0,
    0.0,
    0.0,
    0.0,
    0.0,
    0.0,
    0.0,
    0.0,
    0.0,
    0.0,
    0.0,
    0.0,
    0.0,
    0.0,
    0.0,
    0.0,
    0.0,
    0.0,
    0.0,
    0.0,
    0.0,
    0.0,
    0.0,
    0.0,
    0.0,
    0.0,
    0.0,
    0.0,
    0.0,
    0.0,
    0.0,
    0.0,
    0.0,
    0.0,
    0.0,
    0.0,
    0.0,
    406704.0,
    850048.0,
    1300720.0,
    1762384.0,
    2220384.0,
    2791968.0,
    3312256.0,
    3689648.0,
    4191616.0,
    4664272.0,
    5232192.0,
    5822096.0,
    6276432.0,
    6657488.0,
    7159456.0,
    7749360.0,
    8427200.0,
    9170992.0,
    10094320.0,
    10852768.0,
    11600224.0,
    12428288.0,
    13336960.0,
    14557072.0,
    15832144.0,
    17158512.0,
    18378624.0,
    19686672.0,
    20895792.0,
    21962016.0,
    22951296.0,
    23761040.0,
    24794288.0,
    25867840.0,
    26996352.0,
    28205472.0,
    29575808.0,
    31048736.0,
    32635248.0,
    34317024.0,
    36284592.0,
    38424368.0,
    40707040.0,
    42953072.0,
    45345664.0,
    48137632.0,
    51087152.0,
    54109952.0,
    57154736.0,
    60159216.0,
    63361552.0,
    66820368.0,
    70949696.0,
    75265888.0,
    80043744.0,
    85664320.0,
    91981056.0,
    98697168.0,
    106402560.0,
    113514384.0,
    120999936.0,
    128668688.0,
    137473280.0,
    147527296.0,
    158746464.0,
    171167424.0,
    183320912.0,
    196613904.0,
    211731568.0,
    227343872.0,
    244007744.0,
    262979936.0,
    283611920.0,
    305962320.0,
    330459824.0,
    354517648.0,
    379106752.0,
    402241248.0,
    426573872.0,
    453060928.0,
    479408752.0,
    505639328.0,
    532884832.0,
    562812384.0,
    594015008.0,
    626613616.0,
    660043952.0,
    693719776.0,
    731220816.0,
    771737328.0,
    813602192.0,
    858944192.0,
    902040160.0,
    947374832.0,
    993467952.0,
    1042459296.0,
    1095184256.0,
    1150276160.0,
    1210120272.0,
    1272038208.0,
    1335344800.0,
    1402242112.0,
    1467732448.0,
    1536219936.0,
    1605601440.0,
    1680486272.0,
    1759178000.0,
    1846373872.0,
    1939395504.0,
    2034930640.0,
    2129476496.0,
    2229078672.0,
    2340013600.0,
    2456221024.0,
    2553225424.0,
    2647969136.0,
    2756745968.0,
    2877628656.0,
    2979154432.0,
    2981884112.0,
    3058263856.0,
    3133210976.0,
    3204981408.0,
    3257530496.0,
    3305367680.0,
    3353443024.0,
    3401573328.0,
    3462241840.0,
    3525129972.0,
    3597819661.0,
    3654384799.0,
    3709210696.0,
    3751187718.0,
    3794391942.0,
    3839606454.0,
    3885754781.0,
    3935650548.0,
    3991986676.0,
    4051922762.0,
    4103823322.0,
    4271070266.0,
    4435873322.0,
    4617486810.0,
    4815273194.0,
    5004313610.0,
    5063771784.0,
    5168366010.0,
    5259912227.0,
    5348837465.0,
    5454263250.0,
    5566386143.0,
    5688518371.0,
    5816560720.0,
    5955753759.0,
    6103322257.0,
    6257524595.0,
    6423941817.0,
    6602624269.0,
    6779358849.0,
    6969018980.0,
    7168596053.0,
    7375831459.0,
    7592438634.0,
    7823437467.0,
    8066317947.0,
    8313298809.0,
    8565729801.0,
    8824755259.0,
    9100556271.0,
    9393921579.0,
    9698064977.0,
    10010945790.0,
    10340452167.0,
    10676042126.0,
    11022278706.0,
    11397058792.0,
    11795177526.0,
    12213132489.0,
    12644002548.0,
    13085311175.0,
    13548640253.0,
    13957637209.0,
    14378607639.0,
    14799631408.0,
    15232098770.0,
    15676606631.0,
    16128455301.0,
    16592187940.0,
    17036417909.0,
    17458593007.0,
    17835400806.0,
    18209228725.0,
    18573969381.0,
    18939411111.0,
    19299922032.0,
    19662799123.0,
    20040362565.0,
    20407870887.0,
    20747217351.0,
    21076753277.0,
    21394444845.0,
    21708267518.0,
    22014851346.0,
    22334449021.0,
    22658862241.0,
    22982247060.0,
    23319536702.0,
    23656242294.0,
    23986696278.0,
    24303536558.0,
    24638424078.0,
    24972729893.0,
    25299432028.0,
    25622046443.0,
    25932326533.0,
    26245745616.0,
