{
  "country": "Czechia",
  "order": [
    1,
    1,
    1
  ],
  "aic": 8924.984254804876,
  "bic": 8935.779520681872,
  "mae": 1725358.3395644957,
  "rmse": 3596923.2652957654,
  "trend_pct_10y_avg": 0.913,
  "forecast_years": [
    2021,
    2022,
    2023,
    2024,
    2025,
    2026,
    2027,
    2028,
    2029,
    2030
  ],
  "forecast_values": [
    12002458654.38,
    12087176763.16,
    12171894489.35,
    12256611832.94,
    12341328793.95,
    12426045372.36,
    12510761568.19,
    12595477381.43,
    12680192812.09,
    12764907860.17
  ],
  "conf_int_lower": [
    11995322699.71,
    12069383366.79,
    12140830057.75,
    12210092471.01,
    12277440560.51,
    12343064002.84,
    12407105427.64,
    12469677111.36,
    12530870405.68,
    12590761518.08
  ],
  "conf_int_upper": [
    12009594609.04,
    12104970159.53,
    12202958920.94,
    12303131194.87,
    12405217027.38,
    12509026741.88,
    12614417708.74,
    12721277651.51,
    12829515218.51,
    12939054202.26
  ],
  "historical_years": [
    1750,
    1751,
    1752,
    1753,
    1754,
    1755,
    1756,
    1757,
    1758,
    1759,
    1760,
    1761,
    1762,
    1763,
    1764,
    1765,
    1766,
    1767,
    1768,
    1769,
    1770,
    1771,
    1772,
    1773,
    1774,
    1775,
    1776,
    1777,
    1778,
    1779,
    1780,
    1781,
    1782,
    1783,
    1784,
    1785,
    1786,
    1787,
    1788,
    1789,
    1790,
    1791,
    1792,
    1793,
    1794,
    1795,
    1796,
    1797,
    1798,
    1799,
    1800,
    1801,
    1802,
    1803,
    1804,
    1805,
    1806,
    1807,
    1808,
    1809,
    1810,
    1811,
    1812,
    1813,
    1814,
    1815,
    1816,
    1817,
    1818,
    1819,
    1820,
    1821,
    1822,
    1823,
    1824,
    1825,
    1826,
    1827,
    1828,
    1829,
    1830,
    1831,
    1832,
    1833,
    1834,
    1835,
    1836,
    1837,
    1838,
    1839,
    1840,
    1841,
    1842,
    1843,
    1844,
    1845,
    1846,
    1847,
    1848,
    1849,
    1850,
    1851,
    1852,
    1853,
    1854,
    1855,
    1856,
    1857,
    1858,
    1859,
    1860,
    1861,
    1862,
    1863,
    1864,
    1865,
    1866,
    1867,
    1868,
    1869,
    1870,
    1871,
    1872,
    1873,
    1874,
    1875,
    1876,
    1877,
    1878,
    1879,
    1880,
    1881,
    1882,
    1883,
    1884,
    1885,
    1886,
    1887,
    1888,
    1889,
    1890,
    1891,
    1892,
    1893,
    1894,
    1895,
    1896,
    1897,
    1898,
    1899,
    1900,
    1901,
    1902,
    1903,
    1904,
    1905,
    1906,
    1907,
    1908,
    1909,
    1910,
    1911,
    1912,
    1913,
    1914,
    1915,
    1916,
    1917,
    1918,
    1919,
    1920,
    1921,
    1922,
    1923,
    1924,
    1925,
    1926,
    1927,
    1928,
    1929,
    1930,
    1931,
    1932,
    1933,
    1934,
    1935,
    1936,
    1937,
    1938,
    1939,
    1940,
    1941,
    1942,
    1943,
    1944,
    1945,
    1946,
    1947,
    1948,
    1949,
    1950,
    1951,
    1952,
    1953,
    1954,
    1955,
    1956,
    1957,
    1958,
    1959,
    1960,
    1961,
    1962,
    1963,
    1964,
    1965,
    1966,
    1967,
    1968,
    1969,
    1970,
    1971,
    1972,
    1973,
    1974,
    1975,
    1976,
    1977,
    1978,
    1979,
    1980,
    1981,
    1982,
    1983,
    1984,
    1985,
    1986,
    1987,
    1988,
    1989,
    1990,
    1991,
    1992,
    1993,
    1994,
    1995,
    1996,
    1997,
    1998,
    1999,
    2000,
    2001,
    2002,
    2003,
    2004,
    2005,
    2006,
    2007,
    2008,
    2009,
    2010,
    2011,
    2012,
    2013,
    2014,
    2015,
    2016,
    2017,
    2018,
    2019,
    2020
  ],
  "historical_values": [
    0.0,
    0.0,
    0.0,
    0.0,
    0.0,
    0.0,
    0.0,
    0.0,
    0.0,
    0.0,
    0.0,
    0.0,
    0.0,
    0.0,
    0.0,
    0.0,
    0.0,
    0.0,
    0.0,
    0.0,
    0.0,
    0.0,
    0.0,
    0.0,
    0.0,
    0.0,
    0.0,
    0.0,
    0.0,
    0.0,
    0.0,
    0.0,
    0.0,
    0.0,
    0.0,
    0.0,
    0.0,
    0.0,
    0.0,
    0.0,
    0.0,
    0.0,
    0.0,
    0.0,
    0.0,
    0.0,
    0.0,
    0.0,
    0.0,
    0.0,
    0.0,
    0.0,
    0.0,
    0.0,
    0.0,
    0.0,
    0.0,
    0.0,
    0.0,
    0.0,
    0.0,
    0.0,
    0.0,
    0.0,
    0.0,
    0.0,
    0.0,
    0.0,
    0.0,
    0.0,
    0.0,
    0.0,
    0.0,
    0.0,
    0.0,
    0.0,
    0.0,
    0.0,
    0.0,
    0.0,
    0.0,
    0.0,
    0.0,
    0.0,
    0.0,
    0.0,
    0.0,
    0.0,
    0.0,
    0.0,
    0.0,
    0.0,
    0.0,
    0.0,
    0.0,
    0.0,
    0.0,
    0.0,
    0.0,
    0.0,
    0.0,
    0.0,
    0.0,
    0.0,
    0.0,
    0.0,
    0.0,
    0.0,
    0.0,
    0.0,
    202386.0,
    867766.0,
    1998912.0,
    3595824.0,
    5658502.0,
    8186947.0,
    11181158.0,
    14638362.0,
    18561332.0,
    22950069.0,
    27804572.0,
    33124841.0,
    38908104.0,
    45157133.0,
    51871928.0,
    59052489.0,
    71464601.0,
    84506052.0,
    98176842.0,
    112867881.0,
    128432232.0,
    144869894.0,
    161679060.0,
    179633234.0,
    198177933.0,
    217648620.0,
    238117377.0,
    259617473.0,
    282661806.0,
    307059078.0,
    333150297.0,
    360200773.0,
    387661566.0,
    415732291.0,
    444507210.0,
    474371689.0,
    504970859.0,
    537355466.0,
    570463673.0,
    604431330.0,
    638152242.0,
    673386894.0,
    709092857.0,
    745469745.0,
    782201502.0,
    820014502.0,
    859502042.0,
    901002357.0,
    943267859.0,
    985275526.0,
    1026845151.0,
    1068941535.0,
    1113732709.0,
    1160583789.0,
    1203295650.0,
    1245913249.0,
    1291272769.0,
    1333926409.0,
    1370292207.0,
    1404648002.0,
    1438721011.0,
    1471443852.0,
    1500648496.0,
    1531516590.0,
    1569404445.0,
    1605060504.0,
    1641212826.0,
    1680010034.0,
    1720858831.0,
    1766553813.0,
    1806866398.0,
    1844586748.0,
    1877463568.0,
    1907529153.0,
    1937562542.0,
    1968481765.0,
    2002075933.0,
    2042769483.0,
    2089359956.0,
    2140553986.0,
    2198250478.0,
    2256326193.0,
    2318963078.0,
    2388118642.0,
    2454046726.0,
    2489034632.0,
    2532603557.0,
    2582056304.0,
    2635507251.0,
    2691696735.0,
    2749550427.0,
    2811201823.0,
    2877120477.0,
    2945442760.0,
    3018409078.0,
    3094155871.0,
    3175437200.0,
    3260341211.0,
    3353113257.0,
    3445985756.0,
    3545038373.0,
    3652543125.0,
    3767107185.0,
    3887599524.0,
    4013001442.0,
    4135201082.0,
    4256723508.0,
    4378002023.0,
    4504881979.0,
    4639575571.0,
    4793995270.0,
    4953342693.0,
    5114167809.0,
    5275572161.0,
    5438716830.0,
    5609462679.0,
    5786914742.0,
    5969725287.0,
    6154119309.0,
    6333633645.0,
    6515226009.0,
    6694821659.0,
    6872758410.0,
    7050930392.0,
    7235232011.0,
    7417087114.0,
    7600235706.0,
    7781203437.0,
    7959047157.0,
    8128669962.0,
    8292872672.0,
    8441765059.0,
    8586382001.0,
    8725016270.0,
    8857386621.0,
    8988987133.0,
    9123941689.0,
    9254666699.0,
    9379975668.0,
    9496589995.0,
    9623717418.0,
    9750741706.0,
    9874681794.0,
    10002095208.0,
    10130264427.0,
    10255943048.0,
    10382436506.0,
    10510743706.0,
    10633738761.0,
    10748977554.0,
    10866580987.0,
    10981748611.0,
    11093037973.0,
    11199563775.0,
    11303658675.0,
    11408523280.0,
    11515208721.0,
    11622821512.0,
    11728953112.0,
    11829765457.0,
    11917740163.0
  ],
  "risk_score": 59.12,
  "risk_label": "High",
  "level_component": 34.45,
  "trend_component": 5.48,
  "forecast_component": 19.19
}