{
  "country": "Italy",
  "order": [
    1,
    1,
    1
  ],
  "aic": 9372.609379161051,
  "bic": 9383.404645038047,
  "mae": 3918794.4618557375,
  "rmse": 8238234.033506777,
  "trend_pct_10y_avg": 1.5446,
  "forecast_years": [
    2021,
    2022,
    2023,
    2024,
    2025,
    2026,
    2027,
    2028,
    2029,
    2030
  ],
  "forecast_values": [
    25033795795.66,
    25328531876.14,
    25623265009.45,
    25917995195.63,
    26212722434.71,
    26507446726.71,
    26802168071.67,
    27096886469.62,
    27391601920.58,
    27686314424.58
  ],
  "conf_int_lower": [
    25017311927.65,
    25287652496.38,
    25552033805.05,
    25811432344.99,
    26066462364.13,
    26317555773.45,
    26565037515.12,
    26809163470.55,
    27050141888.24,
    27288146529.62
  ],
  "conf_int_upper": [
    25050279663.68,
    25369411255.9,
    25694496213.85,
    26024558046.26,
    26358982505.28,
    26697337679.97,
    27039298628.22,
    27384609468.68,
    27733061952.91,
    28084482319.55
  ],
  "historical_years": [
    1750,
    1751,
    1752,
    1753,
    1754,
    1755,
    1756,
    1757,
    1758,
    1759,
    1760,
    1761,
    1762,
    1763,
    1764,
    1765,
    1766,
    1767,
    1768,
    1769,
    1770,
    1771,
    1772,
    1773,
    1774,
    1775,
    1776,
    1777,
    1778,
    1779,
    1780,
    1781,
    1782,
    1783,
    1784,
    1785,
    1786,
    1787,
    1788,
    1789,
    1790,
    1791,
    1792,
    1793,
    1794,
    1795,
    1796,
    1797,
    1798,
    1799,
    1800,
    1801,
    1802,
    1803,
    1804,
    1805,
    1806,
    1807,
    1808,
    1809,
    1810,
    1811,
    1812,
    1813,
    1814,
    1815,
    1816,
    1817,
    1818,
    1819,
    1820,
    1821,
    1822,
    1823,
    1824,
    1825,
    1826,
    1827,
    1828,
    1829,
    1830,
    1831,
    1832,
    1833,
    1834,
    1835,
    1836,
    1837,
    1838,
    1839,
    1840,
    1841,
    1842,
    1843,
    1844,
    1845,
    1846,
    1847,
    1848,
    1849,
    1850,
    1851,
    1852,
    1853,
    1854,
    1855,
    1856,
    1857,
    1858,
    1859,
    1860,
    1861,
    1862,
    1863,
    1864,
    1865,
    1866,
    1867,
    1868,
    1869,
    1870,
    1871,
    1872,
    1873,
    1874,
    1875,
    1876,
    1877,
    1878,
    1879,
    1880,
    1881,
    1882,
    1883,
    1884,
    1885,
    1886,
    1887,
    1888,
    1889,
    1890,
    1891,
    1892,
    1893,
    1894,
    1895,
    1896,
    1897,
    1898,
    1899,
    1900,
    1901,
    1902,
    1903,
    1904,
    1905,
    1906,
    1907,
    1908,
    1909,
    1910,
    1911,
    1912,
    1913,
    1914,
    1915,
    1916,
    1917,
    1918,
    1919,
    1920,
    1921,
    1922,
    1923,
    1924,
    1925,
    1926,
    1927,
    1928,
    1929,
    1930,
    1931,
    1932,
    1933,
    1934,
    1935,
    1936,
    1937,
    1938,
    1939,
    1940,
    1941,
    1942,
    1943,
    1944,
    1945,
    1946,
    1947,
    1948,
    1949,
    1950,
    1951,
    1952,
    1953,
    1954,
    1955,
    1956,
    1957,
    1958,
    1959,
    1960,
    1961,
    1962,
    1963,
    1964,
    1965,
    1966,
    1967,
    1968,
    1969,
    1970,
    1971,
    1972,
    1973,
    1974,
    1975,
    1976,
    1977,
    1978,
    1979,
    1980,
    1981,
    1982,
    1983,
    1984,
    1985,
    1986,
    1987,
    1988,
    1989,
    1990,
    1991,
    1992,
    1993,
    1994,
    1995,
    1996,
    1997,
    1998,
    1999,
    2000,
    2001,
    2002,
    2003,
    2004,
    2005,
    2006,
    2007,
    2008,
    2009,
    2010,
    2011,
    2012,
    2013,
    2014,
    2015,
    2016,
    2017,
    2018,
    2019,
    2020
  ],
  "historical_values": [
    0.0,
    0.0,
    0.0,
    0.0,
    0.0,
    0.0,
    0.0,
    0.0,
    0.0,
    0.0,
    0.0,
    0.0,
    0.0,
    0.0,
    0.0,
    0.0,
    0.0,
    0.0,
    0.0,
    0.0,
    0.0,
    0.0,
    0.0,
    0.0,
    0.0,
    0.0,
    0.0,
    0.0,
    0.0,
    0.0,
    0.0,
    0.0,
    0.0,
    0.0,
    0.0,
    0.0,
    0.0,
    0.0,
    0.0,
    0.0,
    0.0,
    0.0,
    0.0,
    0.0,
    0.0,
    0.0,
    0.0,
    0.0,
    0.0,
    0.0,
    0.0,
    0.0,
    0.0,
    0.0,
    0.0,
    0.0,
    0.0,
    0.0,
    0.0,
    0.0,
    0.0,
    0.0,
    0.0,
    0.0,
    0.0,
    0.0,
    0.0,
    0.0,
    0.0,
    0.0,
    0.0,
    0.0,
    0.0,
    0.0,
    0.0,
    0.0,
    0.0,
    0.0,
    0.0,
    0.0,
    0.0,
    0.0,
    0.0,
    0.0,
    0.0,
    0.0,
    0.0,
    0.0,
    0.0,
    0.0,
    0.0,
    0.0,
    0.0,
    0.0,
    0.0,
    0.0,
    0.0,
    0.0,
    0.0,
    0.0,
    0.0,
    0.0,
    0.0,
    0.0,
    0.0,
    0.0,
    0.0,
    0.0,
    0.0,
    0.0,
    29312.0,
    699824.0,
    1927264.0,
    2997152.0,
    4601984.0,
    5873392.0,
    7349984.0,
    8819248.0,
    10515680.0,
    12387984.0,
    15066368.0,
    17374688.0,
    20349856.0,
    23119840.0,
    26116992.0,
    29183760.0,
    33291104.0,
    37094336.0,
    40879248.0,
    45235744.0,
    50303056.0,
    56260720.0,
    62533488.0,
    69179984.0,
    76540960.0,
    84916864.0,
    93245136.0,
    103394416.0,
    114291152.0,
    125546960.0,
    137755408.0,
    148754736.0,
    159644144.0,
    170167152.0,
    183229312.0,
    195250896.0,
    206675248.0,
    218594240.0,
    230996880.0,
    244586656.0,
    258495200.0,
    272015360.0,
    287030432.0,
    302345952.0,
    318533504.0,
    336377184.0,
    357467168.0,
    380275568.0,
    403538304.0,
    429241264.0,
    454977200.0,
    481515552.0,
    509365616.0,
    539329808.0,
    566567984.0,
    590347344.0,
    613859232.0,
    629980832.0,
    648960352.0,
    667569808.0,
    685439136.0,
    707320544.0,
    733019840.0,
    759843984.0,
    792024896.0,
    822993024.0,
    858834272.0,
    899218880.0,
    937367019.0,
    981394154.0,
    1020943941.0,
    1055116640.0,
    1083181243.0,
    1113655032.0,
    1153316025.0,
    1198692264.0,
    1230681850.0,
    1275856004.0,
    1320834958.0,
    1366955057.0,
    1415985621.0,
    1458879768.0,
    1500768545.0,
    1507880777.0,
    1511458707.0,
    1515810593.0,
    1537976949.0,
    1574763360.0,
    1610291443.0,
    1650062503.0,
    1691493100.0,
    1740315330.0,
    1790935909.0,
    1846930486.0,
    1911868808.0,
    1985135032.0,
    2068610090.0,
    2155688058.0,
    2243286439.0,
    2337371042.0,
    2446574129.0,
    2570949026.0,
    2717204011.0,
    2881760250.0,
    3057481326.0,
    3247009705.0,
    3460991965.0,
    3695121707.0,
    3944293867.0,
    4213954836.0,
    4510319382.0,
    4821368563.0,
    5149606039.0,
    5502955170.0,
    5861208104.0,
    6202260563.0,
    6568056026.0,
    6922473660.0,
    7293747497.0,
    7679003024.0,
    8065436030.0,
    8440736164.0,
    8807615196.0,
    9166024277.0,
    9530625335.0,
    9899607726.0,
    10262795347.0,
    10642893925.0,
    11028856186.0,
    11433598120.0,
    11873147895.0,
    12312241926.0,
    12751557144.0,
    13183161871.0,
    13608958621.0,
    14058784632.0,
    14502813912.0,
    14952567995.0,
    15414513878.0,
    15880938704.0,
    16351431856.0,
    16822007804.0,
    17300012900.0,
    17795977665.0,
    18297545497.0,
    18799805034.0,
    19296696911.0,
    19787299468.0,
    20266202270.0,
    20690941204.0,
    21127094887.0,
    21551372414.0,
    21954819628.0,
    22324653965.0,
    22674235720.0,
    23035538202.0,
    23393598945.0,
    23746448857.0,
    24095469303.0,
    24435241474.0,
    24739056768.0
  ],
  "risk_score": 74.8,
  "risk_label": "Critical",
  "level_component": 35.54,
  "trend_component": 9.27,
  "forecast_component": 30.0
}