{
  "country": "Russia",
  "order": [
    1,
    1,
    1
  ],
  "aic": 10911.522382346984,
  "bic": 10922.31764822398,
  "mae": 53498781.79940908,
  "rmse": 139667186.75699854,
  "trend_pct_10y_avg": 1.4539,
  "forecast_years": [
    2021,
    2022,
    2023,
    2024,
    2025,
    2026,
    2027,
    2028,
    2029,
    2030
  ],
  "forecast_values": [
    116447121338.08,
    117894216575.6,
    119341285713.05,
    120788328750.89,
    122235345689.6,
    123682336529.63,
    125129301271.48,
    126576239915.6,
    128023152462.46,
    129470038912.54
  ],
  "conf_int_lower": [
    116206884347.92,
    117470825556.75,
    118718279482.33,
    119946995701.93,
    121157445252.4,
    122350527443.39,
    123527154956.06,
    124688163261.88,
    125834297042.33,
    126966216624.57
  ],
  "conf_int_upper": [
    116687358328.24,
    118317607594.45,
    119964291943.77,
    121629661799.86,
    123313246126.8,
    125014145615.88,
    126731447586.9,
    128464316569.31,
    130212007882.59,
    131973861200.51
  ],
  "historical_years": [
    1750,
    1751,
    1752,
    1753,
    1754,
    1755,
    1756,
    1757,
    1758,
    1759,
    1760,
    1761,
    1762,
    1763,
    1764,
    1765,
    1766,
    1767,
    1768,
    1769,
    1770,
    1771,
    1772,
    1773,
    1774,
    1775,
    1776,
    1777,
    1778,
    1779,
    1780,
    1781,
    1782,
    1783,
    1784,
    1785,
    1786,
    1787,
    1788,
    1789,
    1790,
    1791,
    1792,
    1793,
    1794,
    1795,
    1796,
    1797,
    1798,
    1799,
    1800,
    1801,
    1802,
    1803,
    1804,
    1805,
    1806,
    1807,
    1808,
    1809,
    1810,
    1811,
    1812,
    1813,
    1814,
    1815,
    1816,
    1817,
    1818,
    1819,
    1820,
    1821,
    1822,
    1823,
    1824,
    1825,
    1826,
    1827,
    1828,
    1829,
    1830,
    1831,
    1832,
    1833,
    1834,
    1835,
    1836,
    1837,
    1838,
    1839,
    1840,
    1841,
    1842,
    1843,
    1844,
    1845,
    1846,
    1847,
    1848,
    1849,
    1850,
    1851,
    1852,
    1853,
    1854,
    1855,
    1856,
    1857,
    1858,
    1859,
    1860,
    1861,
    1862,
    1863,
    1864,
    1865,
    1866,
    1867,
    1868,
    1869,
    1870,
    1871,
    1872,
    1873,
    1874,
    1875,
    1876,
    1877,
    1878,
    1879,
    1880,
    1881,
    1882,
    1883,
    1884,
    1885,
    1886,
    1887,
    1888,
    1889,
    1890,
    1891,
    1892,
    1893,
    1894,
    1895,
    1896,
    1897,
    1898,
    1899,
    1900,
    1901,
    1902,
    1903,
    1904,
    1905,
    1906,
    1907,
    1908,
    1909,
    1910,
    1911,
    1912,
    1913,
    1914,
    1915,
    1916,
    1917,
    1918,
    1919,
    1920,
    1921,
    1922,
    1923,
    1924,
    1925,
    1926,
    1927,
    1928,
    1929,
    1930,
    1931,
    1932,
    1933,
    1934,
    1935,
    1936,
    1937,
    1938,
    1939,
    1940,
    1941,
    1942,
    1943,
    1944,
    1945,
    1946,
    1947,
    1948,
    1949,
    1950,
    1951,
    1952,
    1953,
    1954,
    1955,
    1956,
    1957,
    1958,
    1959,
    1960,
    1961,
    1962,
    1963,
    1964,
    1965,
    1966,
    1967,
    1968,
    1969,
    1970,
    1971,
    1972,
    1973,
    1974,
    1975,
    1976,
    1977,
    1978,
    1979,
    1980,
    1981,
    1982,
    1983,
    1984,
    1985,
    1986,
    1987,
    1988,
    1989,
    1990,
    1991,
    1992,
    1993,
    1994,
    1995,
    1996,
    1997,
    1998,
    1999,
    2000,
    2001,
    2002,
    2003,
    2004,
    2005,
    2006,
    2007,
    2008,
    2009,
    2010,
    2011,
    2012,
    2013,
    2014,
    2015,
    2016,
    2017,
    2018,
    2019,
    2020
  ],
  "historical_values": [
    0.0,
    0.0,
    0.0,
    0.0,
    0.0,
    0.0,
    0.0,
    0.0,
    0.0,
    0.0,
    0.0,
    0.0,
    0.0,
    0.0,
    0.0,
    0.0,
    0.0,
    0.0,
    0.0,
    0.0,
    0.0,
    0.0,
    0.0,
    0.0,
    0.0,
    0.0,
    0.0,
    0.0,
    0.0,
    0.0,
    0.0,
    0.0,
    0.0,
    0.0,
    0.0,
    0.0,
    0.0,
    0.0,
    0.0,
    0.0,
    0.0,
    0.0,
    0.0,
    0.0,
    0.0,
    0.0,
    0.0,
    0.0,
    0.0,
    0.0,
    0.0,
    0.0,
    0.0,
    0.0,
    0.0,
    0.0,
    0.0,
    0.0,
    0.0,
    0.0,
    0.0,
    0.0,
    0.0,
    0.0,
    0.0,
    0.0,
    0.0,
    0.0,
    0.0,
    0.0,
    0.0,
    0.0,
    0.0,
    0.0,
    0.0,
    0.0,
    0.0,
    0.0,
    0.0,
    0.0,
    11177.0,
    24590.0,
    33532.0,
    44709.0,
    44709.0,
    44709.0,
    44709.0,
    44709.0,
    44709.0,
    44709.0,
    44709.0,
    44709.0,
    44709.0,
    44709.0,
    44709.0,
    44709.0,
    44709.0,
    44709.0,
    44709.0,
    44709.0,
    114008.0,
    114008.0,
    114008.0,
    114008.0,
    114008.0,
    324141.0,
    324141.0,
    324141.0,
    619221.0,
    932185.0,
    1345745.0,
    1871077.0,
    2344994.0,
    2841266.0,
    3397895.0,
    3929934.0,
    5610998.0,
    7540198.0,
    9145256.0,
    11322591.0,
    13685469.0,
    16875466.0,
    20150411.0,
    23224165.0,
    26955143.0,
    31249456.0,
    36581021.0,
    42022124.0,
    49133113.0,
    56429645.0,
    64989211.0,
    74004810.0,
    83501032.0,
    94309468.0,
    105283328.0,
    117236318.0,
    129495565.0,
    142467923.0,
    155999146.0,
    170612330.0,
    187161420.0,
    205382632.0,
    224670157.0,
    247277336.0,
    270302545.0,
    296759181.0,
    323691970.0,
    354831889.0,
    389756437.0,
    430271864.0,
    476168036.0,
    523287004.0,
    568796442.0,
    613313337.0,
    662842127.0,
    707052765.0,
    757480209.0,
    813963507.0,
    870793301.0,
    930784031.0,
    989616794.0,
    1050613480.0,
    1119709228.0,
    1194769175.0,
    1262512471.0,
    1324691714.0,
    1390964079.0,
    1451956294.0,
    1476280304.0,
    1497056644.0,
    1516002144.0,
    1536548231.0,
    1561605471.0,
    1589284902.0,
    1622262367.0,
    1654810624.0,
    1701969830.0,
    1760601402.0,
    1825736833.0,
    1895882350.0,
    1991239395.0,
    2105798215.0,
    2234873091.0,
    2379127620.0,
    2553621160.0,
    2751138138.0,
    2977629157.0,
    3209225656.0,
    3453664570.0,
    3701101378.0,
    3997745314.0,
    4258354538.0,
    4400035582.0,
    4547902136.0,
    4762336135.0,
    4989358161.0,
    5244490872.0,
    5551711509.0,
    5878624361.0,
    6250241687.0,
    6664469973.0,
    7113400191.0,
    7594134940.0,
    8102725516.0,
    8658184321.0,
    9288020405.0,
    9978574224.0,
    10734256061.0,
    11540859322.0,
    12388894000.0,
    13271821058.0,
    14182363508.0,
    15138030270.0,
    16162941429.0,
    17252961098.0,
    18409272775.0,
    19630395765.0,
    20907262813.0,
    22220012281.0,
    23587153361.0,
    25025023943.0,
    26550897863.0,
    28156308808.0,
    29829518036.0,
    31566438986.0,
    33392193935.0,
    35288266599.0,
    37248831686.0,
    39276725497.0,
    41321438816.0,
    43446603974.0,
    45531301820.0,
    47655304131.0,
    49809433149.0,
    51982692464.0,
    54326488787.0,
    56670612547.0,
    59026088026.0,
    61457035475.0,
    63857343900.0,
    66382861851.0,
    68779066815.0,
    70736952942.0,
    72596632343.0,
    74238248427.0,
    75851389568.0,
    77431765246.0,
    78907125457.0,
    80365493287.0,
    81851793790.0,
    83323053279.0,
    84830759848.0,
    86326453485.0,
    87852060476.0,
    89382754795.0,
    90930353848.0,
    92536895703.0,
    94141445109.0,
    95778368168.0,
    97307329243.0,
    98920442277.0,
    101000000000.0,
    102000000000.0,
    104000000000.0,
    106000000000.0,
    107000000000.0,
    109000000000.0,
    110000000000.0,
    112000000000.0,
    114000000000.0,
    115000000000.0
  ],
  "risk_score": 76.54,
  "risk_label": "Critical",
  "level_component": 37.82,
  "trend_component": 8.72,
  "forecast_component": 30.0
}